Country,Beta0 (Coeff),Beta1 (Price),e0 (Coeff),e1 (Price),t0 (Coeff),t1 (Price),95%% Coeff. Int (Coeff),95%% Coeff. Int (Price)
Afghanistan,11.0474179255,-3.2978807883,0.63758376241,0.409419606077,17.3270063901,-8.05501431625,"[9.71293977406, 12.3818960769]","[-4.15480587217, -2.44095570444]"
Albania,14.7580570331,-1.43010849085,0.212069426133,0.118918446595,69.5906868906,-12.0259600743,"[14.314190623, 15.2019234432]","[-1.67900766008, -1.18120932161]"
Algeria,15.4149609341,-1.1737936479,0.0991663597904,0.0594375957321,155.445465243,-19.7483366116,"[15.2074033576, 15.6225185105]","[-1.29819796551, -1.0493893303]"
Andorra,11.9656167338,-0.840165285561,0.306834608484,0.149501927606,38.9969592833,-5.61976222659,"[11.3234045175, 12.6078289501]","[-1.15307641622, -0.527254154902]"
Angola,14.8492218333,-1.28479701072,0.204637403193,0.129377046493,72.5635763628,-9.93064106459,"[14.4209108259, 15.2775328406]","[-1.55558628112, -1.01400774032]"
Antigua and Barbuda,16.9842835787,-0.213117058344,0.203088631794,0.13540507919,83.6299079308,-1.57392218681,"[16.5592141872, 17.4093529702]","[-0.496523146178, 0.0702890294897]"
Argentina,18.8003514134,-0.481815738295,0.131927114231,0.06245406413,142.505591235,-7.71472193214,"[18.5242247899, 19.0764780369]","[-0.612533596815, -0.351097879775]"
Armenia,16.1205000309,-0.404650437412,0.138184287819,0.0753200823119,116.659428401,-5.37241098246,"[15.830185615, 16.4108144468]","[-0.562892058414, -0.24640881641]"
Aruba,16.5706753113,-0.388076399664,0.205813954509,0.132963437677,80.5128852939,-2.91867002271,"[16.1399017537, 17.0014488688]","[-0.666372073078, -0.109780726249]"
Australia,19.2982879168,-0.479576919908,0.124648864708,0.0635012769033,154.821208858,-7.55224057365,"[19.0373948446, 19.559180989]","[-0.612486619952, -0.346667219864]"
Austria,18.0257222115,-0.217484742571,0.158042527621,0.0913961131279,114.05614984,-2.37958415438,"[17.6949353995, 18.3565090234]","[-0.408779005827, -0.0261904793151]"
Azerbaijan,14.3458707905,-1.1234197433,0.17776894156,0.107741741999,80.6995342637,-10.4269684382,"[13.9723921031, 14.7193494779]","[-1.34977674372, -0.897062742881]"
"Bahamas, The",18.1040671439,-0.297812778027,0.0815801958236,0.0458312509467,221.917426909,-6.49802856948,"[17.9333178317, 18.2748164561]","[-0.393738688702, -0.201886867351]"
Bahrain,16.4614466773,-0.299594987713,0.0935127658507,0.0621025270048,176.034218725,-4.82419962862,"[16.265722209, 16.6571711456]","[-0.429577070574, -0.169612904852]"
Bangladesh,17.6109216873,-0.623639766371,0.120576494648,0.0529850942716,146.056009827,-11.770098269,"[17.3585521836, 17.863291191]","[-0.734538843206, -0.512740689535]"
Barbados,17.4295574149,-0.26559291962,0.123367908656,0.08501689044,141.281128981,-3.12400181005,"[17.1713454145, 17.6877694152]","[-0.443535316342, -0.0876505228978]"
Belarus,15.6750988874,-1.09197235905,0.154120028321,0.11349670337,101.707085433,-9.62118129097,"[15.3513047231, 15.9988930517]","[-1.33042008465, -0.853524633442]"
Belgium,18.4691305009,-0.371113945382,0.0789843895107,0.0410166689002,233.832667636,-9.0478811501,"[18.3038142737, 18.634446728]","[-0.456962820022, -0.285265070742]"
Belize,16.7302602392,-0.56870757821,0.0620412759855,0.0536643880437,269.663380926,-10.5974855755,"[16.6004063562, 16.8601141222]","[-0.68102843325, -0.456386723169]"
Benin,14.3273360073,-1.18409966534,0.196833283069,0.125309662308,72.7891939,-9.44938836745,"[13.9153592111, 14.7393128035]","[-1.4463758028, -0.921823527882]"
Bermuda,17.6346864565,-0.0617502560646,0.091166677979,0.0507409491389,193.433465466,-1.21697085121,"[17.4438724065, 17.8255005064]","[-0.167952283156, 0.0444517710266]"
Bhutan,11.7047427932,-0.990744780987,0.177097091254,0.101488937062,66.0922362438,-9.7620963394,"[11.3340743213, 12.0754112652]","[-1.20316356751, -0.778325994459]"
Bolivia,17.1297871621,-0.806104244936,0.0986650046759,0.0564960626143,173.615632193,-14.2683261033,"[16.923278934, 17.3362953902]","[-0.924351862967, -0.687856626905]"
Bosnia and Herzegovina,15.8834385966,-1.06487490093,0.384103372937,0.262070305017,41.3519893749,-4.06331766914,"[15.0764673546, 16.6904098385]","[-1.61546418083, -0.514285621028]"
Botswana,14.2870794896,-1.03407354972,0.141783446732,0.0850522752935,100.766907695,-12.1580939034,"[13.9903233251, 14.5838356541]","[-1.21209000779, -0.856057091646]"
Brazil,19.5380333172,-0.60463489738,0.111102083408,0.0627846395951,175.856588084,-9.63029972425,"[19.3054939841, 19.7705726502]","[-0.736044658299, -0.47322513646]"
Bulgaria,16.1181107965,-1.08797638313,0.117905642909,0.0777545499286,136.70347236,-13.9924465401,"[15.8713314497, 16.3648901432]","[-1.25071852647, -0.925234239786]"
Burundi,13.5746212424,-0.710913062104,0.177629272037,0.0938805177771,76.4210824419,-7.57253026439,"[13.2028389033, 13.9464035816]","[-0.907407244052, -0.514418880156]"
Cambodia,15.777072251,-0.943920807178,0.105759416094,0.0552864670177,149.178889538,-17.0732705144,"[15.5548799628, 15.9992645393]","[-1.06007336426, -0.827768250094]"
Cameroon,15.6758058796,-1.22431873685,0.113920552431,0.0794068540489,137.602965796,-15.418300492,"[15.4373674231, 15.9142443361]","[-1.39051919246, -1.05811828124]"
Canada,21.5983659329,-0.453010961915,0.1229039981,0.0510370433823,175.73363167,-8.87612079176,"[21.3411249085, 21.8556069573]","[-0.55983272138, -0.34618920245]"
Cape Verde,15.4815346236,-0.790225893407,0.16681843317,0.111099868577,92.8046998729,-7.11275272898,"[15.1323796302, 15.8306896169]","[-1.02276059078, -0.557691196034]"
Cayman Islands,16.939485756,-0.333706412325,0.122625052375,0.0820953422228,138.140497622,-4.0648641359,"[16.6828285717, 17.1961429403]","[-0.505533938353, -0.161878886298]"
Central African Republic,13.1204933478,-0.693538435825,0.206668759317,0.15173057192,63.4856152967,-4.57085495066,"[12.6879306633, 13.5530560324]","[-1.01111417264, -0.375962699008]"
Chad,13.2621220977,-1.19426128433,0.128202970637,0.0783391391815,103.446293263,-15.2447588371,"[12.9937901963, 13.5304539991]","[-1.35822698703, -1.03029558162]"
Chile,18.2135715792,-0.515480042689,0.153755904342,0.0874474103698,118.457705134,-5.89474337215,"[17.8917567729, 18.5353863855]","[-0.698509576089, -0.33245050929]"
China,19.3696618252,-0.593678683608,0.110235395756,0.0566026157792,175.711818262,-10.4885379489,"[19.1389364902, 19.6003871601]","[-0.712149319976, -0.47520804724]"
Colombia,19.1967783424,-0.778196058494,0.105040204102,0.0514482405415,182.756483639,-15.1258050869,"[18.9769266685, 19.4166300163]","[-0.885878463505, -0.670513653484]"
Comoros,12.6740389335,-1.45247313087,0.389338330796,0.256120829643,32.5527643465,-5.67104648574,"[11.8591444418, 13.4889334251]","[-1.98854018815, -0.916406073592]"
Congo,14.24482316,-1.19778964974,0.143737726535,0.0872418407272,99.1028834489,-13.7295320658,"[13.9439766408, 14.5456696792]","[-1.38038892093, -1.01519037855]"
Costa Rica,18.0463240317,-0.663616391516,0.0972647403841,0.0545401252377,185.538191542,-12.1674893232,"[17.8427465904, 18.2499014729]","[-0.777770185569, -0.549462597463]"
Cote d'Ivoire,16.4031263795,-0.686709607701,0.0824185788475,0.0580185844906,199.022193889,-11.8360282956,"[16.2306223114, 16.5756304475]","[-0.808143900643, -0.565275314759]"
Croatia,16.9932368665,-0.288715357128,0.18565336826,0.104758713182,91.5320687461,-2.75600327992,"[16.6031936133, 17.3832801198]","[-0.508805246559, -0.0686254676981]"
Cuba,17.9781004256,-1.37021083216,0.253550565609,0.581842303708,70.9053848192,-2.35495223263,"[17.4474129928, 18.5087878585]","[-2.58802076969, -0.152400894623]"
Cyprus,16.2725872294,-0.238068369388,0.105434522915,0.0576377608464,154.338320879,-4.13042363014,"[16.0519102368, 16.493264222]","[-0.358705589282, -0.117431149495]"
Czech Republic,17.1619398737,-0.451148061433,0.159441148024,0.104039262368,107.63808519,-4.33632506773,"[16.8282257157, 17.4956540318]","[-0.668904740171, -0.233391382695]"
Denmark,17.8341294466,-0.284268947143,0.128200580793,0.0666638100927,139.11114393,-4.26421692291,"[17.5658025472, 18.102456346]","[-0.423797905225, -0.14473998906]"
Djibouti,13.8792345927,-0.984938014713,0.139207976079,0.113373302827,99.7014322282,-8.68756568042,"[13.5878689502, 14.1706002352]","[-1.22223106466, -0.747644964769]"
Dominica,16.1173815205,-0.701350425901,0.192677501065,0.119414453495,83.649525406,-5.8732457033,"[15.714102876, 16.520660165]","[-0.95128774951, -0.451413102292]"
Dominican Republic,19.4577826521,-0.713538566479,0.0667861855322,0.0321896854077,291.344422459,-22.1666834404,"[19.3179975593, 19.5975677449]","[-0.780912352341, -0.646164780617]"
Ecuador,18.6128735479,-0.790427225436,0.0918310441398,0.05816818609,202.686071167,-13.5886517797,"[18.4206689635, 18.8050781322]","[-0.912174638124, -0.668679812749]"
Egypt,18.3434766282,-0.634356489266,0.145704944875,0.083950368599,125.894674638,-7.55632762372,"[18.0385126737, 18.6484405826]","[-0.81006663012, -0.458646348412]"
El Salvador,18.8510611226,-0.827233032364,0.104764800175,0.0638758627563,179.936973974,-12.9506357592,"[18.6317858758, 19.0703363694]","[-0.960926749609, -0.693539315119]"
Equatorial Guinea,12.7432767154,-1.51075602306,0.203829717922,0.150152546053,62.5192285274,-10.0614745655,"[12.3166562128, 13.169897218]","[-1.82502891378, -1.19648313234]"
Estonia,14.8667691919,-0.989052356943,0.11709537092,0.0848044447917,126.962911302,-11.6627419633,"[14.6207609463, 15.1127774375]","[-1.16721988412, -0.810884829769]"
Ethiopia,16.803541806,-1.31101189729,0.097348598714,0.077320067452,172.612056341,-16.9556486497,"[16.5997888472, 17.0072947647]","[-1.47284465835, -1.14917913622]"
Fiji,16.0921878633,-0.74677659491,0.159103593523,0.126673834321,101.14283095,-5.89527110246,"[15.7591802149, 16.4251955117]","[-1.01190797721, -0.481645212612]"
Finland,17.1168195985,-0.363364474924,0.119075027197,0.066908256547,143.748189704,-5.43078677694,"[16.8675927023, 17.3660464947]","[-0.503405065315, -0.223323884532]"
France,19.8841167585,-0.26322035004,0.113178233711,0.0600926850619,175.688523372,-4.38023945458,"[19.6472319929, 20.1210015241]","[-0.388995785368, -0.137444914711]"
French Polynesia,15.3759174909,-0.462809080463,0.220565884359,0.167180252394,69.7112227288,-2.76832385306,"[14.9142677894, 15.8375671925]","[-0.812721370147, -0.11289679078]"
Gabon,14.657517024,-0.901497592524,0.100148349583,0.0675036489783,146.358048684,-13.3547979431,"[14.4479041193, 14.8671299287]","[-1.0427843536, -0.760210831452]"
"Gambia, The",15.768274573,-0.785474944947,0.194507341146,0.15067147829,81.0677606313,-5.21316279539,"[15.3611660293, 16.1753831168]","[-1.10083397332, -0.470115916573]"
Georgia,15.1000186915,-0.818421699726,0.236118127226,0.122134515097,63.9511200133,-6.70098619603,"[14.6039529139, 15.5960844691]","[-1.07501679437, -0.561826605084]"
Germany,20.6192583203,-0.21573881046,0.125814848914,0.0625570016893,163.885729692,-3.44867568193,"[20.3559248151, 20.8825918255]","[-0.346672119768, -0.0848055011532]"
Ghana,17.0599654538,-1.16910456456,0.0825832333176,0.0538285880223,206.579044783,-21.7190271474,"[16.88711676, 17.2328141476]","[-1.28176909411, -1.05644003502]"
Greece,18.592894957,-0.285672114735,0.107130631039,0.0557557557754,173.553490507,-5.12363451561,"[18.3686679693, 18.8171219447]","[-0.402370252744, -0.168973976725]"
Greenland,12.2584585077,-0.819342749985,0.42658502342,0.372876138724,28.7362608501,-2.19735902863,"[11.3656057925, 13.151311223]","[-1.59978147765, -0.0389040223203]"
Grenada,16.7997582034,-0.362072216382,0.223224569568,0.157544869069,75.2594494229,-2.29821649236,"[16.3325438097, 17.266972597]","[-0.691817416993, -0.0323270157708]"
Guatemala,18.6598282172,-1.24096121958,0.108686572907,0.0677010059794,171.684760299,-18.3300262918,"[18.4323446057, 18.8873118287]","[-1.38266105361, -1.09926138556]"
Guinea,15.174351827,-1.30723983666,0.126009092101,0.0822394866227,120.422674063,-15.8955252561,"[14.9106117662, 15.4380918879]","[-1.47936906039, -1.13511061294]"
Guinea-Bissau,14.0715388105,-1.0751946563,0.161354106911,0.167697062562,87.2090526848,-6.41152945599,"[13.7338207835, 14.4092568375]","[-1.4261886421, -0.724200670505]"
Guyana,17.8974585795,-0.44607278705,0.105359377004,0.0870983763921,169.870580944,-5.1214822311,"[17.6769388691, 18.1179782899]","[-0.628371783939, -0.263773790162]"
Haiti,17.9893774217,-1.02980212731,0.138219314291,0.104078891414,130.150967062,-9.89443789539,"[17.7000810721, 18.2786737713]","[-1.2476417506, -0.811962504029]"
Honduras,18.5118918121,-0.693629579194,0.160830602708,0.115107332427,115.10179966,-6.02593739748,"[18.175269492, 18.8485141323]","[-0.934551994801, -0.452707163586]"
Hong Kong,19.5307042198,0.0138226947768,0.182601187243,0.0905603947415,106.958254296,0.152635098557,"[19.1485155426, 19.9128928971]","[-0.175722389794, 0.203367779347]"
Hungary,17.4264662968,-0.391808177619,0.142656726269,0.0793989496326,122.156639596,-4.93467708871,"[17.1278823372, 17.7250502564]","[-0.557992089095, -0.225624266144]"
Iceland,16.3036542753,-0.15281369414,0.151747574884,0.085020588645,107.43930694,-1.79737280787,"[15.9860429509, 16.6212655997]","[-0.330763831293, 0.0251364430144]"
India,19.8765391309,-1.0764717436,0.101035458373,0.0465678552547,196.728351125,-23.1161975941,"[19.6650694862, 20.0880087757]","[-1.17393938481, -0.979004102394]"
Indonesia,18.2627193354,-0.369077004586,0.135728455213,0.0706258681382,134.553357339,-5.22580485473,"[17.9786364138, 18.5468022571]","[-0.516898645462, -0.221255363709]"
Iran,17.972893021,-0.319638737352,0.120348477428,0.0676945442319,149.340427109,-4.72177988609,"[17.7210007628, 18.2247852792]","[-0.461325046782, -0.177952427923]"
Iraq,15.8887076496,-1.058534389,0.138235497651,0.094734605752,114.939418019,-11.1736823159,"[15.5993774278, 16.1780378713]","[-1.25681619762, -0.860252580374]"
Ireland,18.5658012308,-0.425091312093,0.14087588627,0.0792924496418,131.788354433,-5.36105662031,"[18.2709446122, 18.8606578495]","[-0.591052316526, -0.25913030766]"
Israel,19.3098181126,-0.279922838169,0.122958642281,0.0658922872931,157.043195618,-4.24818821243,"[19.0524627166, 19.5671735086]","[-0.417836980473, -0.142008695864]"
Italy,19.8557579797,-0.249741665545,0.171088219862,0.0956578133007,116.055669968,-2.61078166986,"[19.4976662201, 20.2138497393]","[-0.449955769775, -0.0495275613143]"
Jamaica,19.1484281382,-0.591284167165,0.117853855817,0.0798069745161,162.476042939,-7.40892848965,"[18.9017571831, 19.3950990934]","[-0.758322084537, -0.424246249793]"
Japan,20.4036561548,-0.0516492558555,0.138377936504,0.0782692791015,147.44876727,-0.659891804912,"[20.1140278051, 20.6932845045]","[-0.215468739736, 0.112170228025]"
Jordan,17.5139117311,-0.28441446367,0.109203987319,0.0671971121815,160.377951035,-4.23253997734,"[17.2853451588, 17.7424783034]","[-0.425059635853, -0.143769291487]"
Kazakhstan,15.534270169,-0.766715508109,0.193396960873,0.104091943488,80.3232382706,-7.36575264535,"[15.1279582314, 15.9405821066]","[-0.985404566396, -0.548026449823]"
Kenya,16.9896002246,-0.654923635684,0.0957575462424,0.0617356857997,177.423095007,-10.6085099274,"[16.7891773769, 17.1900230723]","[-0.784137911078, -0.52570936029]"
Kiribati,12.3651312784,-1.05067618857,0.218999518085,0.264510623429,56.4619109053,-3.97215119361,"[11.9067600192, 12.8235025377]","[-1.60430328606, -0.497049091092]"
"Korea, South",19.7228347667,-0.0933169870842,0.108206590752,0.0569081125786,182.270179936,-1.6397835538,"[19.4963557694, 19.949313764]","[-0.212427035602, 0.0257930614338]"
Kuwait,17.4949008727,-0.305858803819,0.123002787423,0.070486189215,142.231743192,-4.3392728026,"[17.2374530798, 17.7523486655]","[-0.45338809335, -0.158329514289]"
Kyrgyzstan,13.1940499496,-1.198139818,0.22794856832,0.120442327078,57.881696941,-9.94783019447,"[12.7151477784, 13.6729521208]","[-1.45117975753, -0.945099878463]"
Laos,14.523260852,-0.872711413505,0.131918538577,0.0595907944401,110.092645118,-14.6450709661,"[14.2471521776, 14.7993695265]","[-0.99743637969, -0.747986447321]"
Latvia,15.5257365186,-0.802846706973,0.10601521041,0.078178294572,146.448197938,-10.2694323452,"[15.3030068265, 15.7484662108]","[-0.967093209108, -0.638600204838]"
Lebanon,17.5174460375,-0.887016875339,0.107555948095,0.0666765407812,162.868222053,-13.303282758,"[17.2923288509, 17.742563224]","[-1.02657247906, -0.747461271619]"
Lesotho,12.9831149463,-0.827000070449,0.165640089775,0.117911344137,78.3814773581,-7.01374474614,"[12.636426254, 13.3298036386]","[-1.07379135001, -0.580208790884]"
Liberia,15.509669327,-0.635586496699,0.334708258294,0.240314763598,46.3378746793,-2.64480836376,"[14.8091168912, 16.2102217628]","[-1.13857107754, -0.132601915858]"
Libya,14.0309764074,-1.64831478286,0.270960335802,0.187396955027,51.7823996855,-8.79584613647,"[13.4638499068, 14.598102908]","[-2.04054111745, -1.25608844826]"
Liechtenstein,14.10935501,-0.482184179855,0.605172128673,0.368172910761,23.3146147047,-1.30966772883,"[12.8427151876, 15.3759948324]","[-1.25277893826, 0.28841057855]"
Lithuania,15.4591337709,-1.12594152347,0.226499811523,0.154280243277,68.2523030237,-7.29802792343,"[14.9832753248, 15.934992217]","[-1.45007228695, -0.801810759998]"
Luxembourg,16.0967174576,-0.477068692358,0.0903637950503,0.0474610237367,178.132375346,-10.0517994514,"[15.9075838609, 16.2858510543]","[-0.576405756686, -0.37773162803]"
Macau,15.158313174,-0.425043495581,0.121897546408,0.0657519778984,124.352898157,-6.46434539562,"[14.9031786772, 15.4134476708]","[-0.562663966947, -0.287423024215]"
Madagascar,13.7942406828,-1.25827519925,0.253090677134,0.210163208917,54.5031560982,-5.98713355082,"[13.2645158076, 14.323965558]","[-1.69815185087, -0.818398547638]"
Malawi,14.0721006502,-1.04764534402,0.136229342353,0.0700384340494,103.297134135,-14.9581491682,"[13.7869693597, 14.3572319407]","[-1.19423747122, -0.901053216822]"
Malaysia,17.9639428853,-0.535718604815,0.121721278922,0.0656611473981,147.582600548,-8.15883709077,"[17.7091773206, 18.21870845]","[-0.673148965759, -0.39828824387]"
Maldives,13.0885847601,-1.17959546991,0.303290878471,0.235544122582,43.1552205795,-5.00795968491,"[12.453789656, 13.7233798643]","[-1.67259498435, -0.68659595547]"
Mali,15.4672250307,-1.08656888241,0.139171325418,0.0873925641774,111.138016285,-12.4331960349,"[15.1759360989, 15.7585139624]","[-1.26948362141, -0.903654143408]"
Malta,14.9459713591,-0.527968871051,0.198528573652,0.122082859141,75.2837291085,-4.3246764924,"[14.530446279, 15.3614964392]","[-0.783491231864, -0.272446510239]"
Marshall Islands,14.5334765976,-0.75046954731,0.11357551288,0.0816756558889,127.9631166,-9.18841164044,"[14.2957603172, 14.7711928781]","[-0.921418659745, -0.579520434875]"
Mauritania,13.8128411592,-1.40696515101,0.131498726877,0.1005781946,105.041634145,-13.9887692019,"[13.5376111607, 14.0880711577]","[-1.61747773166, -1.19645257036]"
Mauritius,14.8622869351,-0.763367352984,0.237627689092,0.143952898357,62.5444239767,-5.30289672314,"[14.3649264659, 15.3596474044]","[-1.06466423195, -0.462070474021]"
Mexico,21.4433799168,-0.631777501734,0.109760928033,0.0545478698579,195.364418842,-11.5820746691,"[21.2136476542, 21.6731121794]","[-0.745947505463, -0.517607498005]"
"Micronesia, Federated States of",15.2588523419,-0.767307527093,0.0804129489418,0.0651765946019,189.75615921,-11.7727465171,"[15.0905461055, 15.4271585784]","[-0.903723707379, -0.630891346807]"
Moldova,15.4657357288,-0.664256200499,0.194930562196,0.109016013301,79.3397174593,-6.09319842459,"[15.0562018144, 15.8752696432]","[-0.893290345581, -0.435222055416]"
Mongolia,14.0023770369,-0.790284464831,0.165725532046,0.0862304009554,84.4913687354,-9.16480099912,"[13.654200614, 14.3505534598]","[-0.971447814737, -0.609121114925]"
Morocco,16.5843739832,-1.43295345029,0.108677877366,0.0813263159426,152.60119525,-17.6198003523,"[16.3569085717, 16.8118393947]","[-1.60317138582, -1.26273551477]"
Mozambique,14.3386959017,-0.912918061055,0.136132589195,0.0812273044136,105.328900203,-11.2390540059,"[14.0537671179, 14.6236246855]","[-1.08292876307, -0.742907359042]"
Namibia,14.1057364616,-0.797564684277,0.122101345713,0.0795546928538,115.524823901,-10.0253631265,"[13.8501754079, 14.3612975152]","[-0.964074570061, -0.631054798493]"
Nepal,15.5618153267,-1.24285910089,0.147657984154,0.0926698082823,105.390950688,-13.4116938831,"[15.252763614, 15.8708670393]","[-1.43681923874, -1.04889896304]"
Netherlands,18.9644418341,-0.420567829268,0.129553149699,0.0658916610564,146.383487226,-6.38271706199,"[18.6932839754, 19.2355996927]","[-0.558480660844, -0.282654997692]"
New Caledonia,13.4432601514,-0.600174109865,0.180478385983,0.131072433777,74.4868150179,-4.57894991778,"[13.0655145483, 13.8210057546]","[-0.874511866629, -0.3258363531]"
New Zealand,17.7829388576,-0.507958941372,0.14578179897,0.0808624954434,121.983258426,-6.28176187968,"[17.4778140456, 18.0880636695]","[-0.677206089435, -0.338711793309]"
Nicaragua,17.6240055415,-0.918623543557,0.0985535855322,0.0750477056519,178.826629658,-12.2405280158,"[17.4177305163, 17.8302805666]","[-1.07570019672, -0.7615468904]"
Niger,13.7850631936,-1.30621099786,0.143844580867,0.0890355358141,95.8330380649,-14.670670378,"[13.4839930258, 14.0861333615]","[-1.49256451601, -1.1198574797]"
Nigeria,17.8770756074,-0.875851270764,0.133474025063,0.0804064130973,133.93673862,-10.8928036586,"[17.5977112623, 18.1564399525]","[-1.04414382751, -0.707558714023]"
Norway,17.6284748833,-0.529590201956,0.0812365573553,0.0462085788101,217.001747209,-11.4608632335,"[17.4584448147, 17.798504952]","[-0.626305868925, -0.432874534986]"
Oman,15.3628161008,-0.962542316247,0.135098984118,0.0928256989443,113.71525997,-10.3693516687,"[15.0800506773, 15.6455815243]","[-1.156828737, -0.768255895489]"
Pacific Islands (Palau),14.6062256244,-0.696771733539,0.144974567008,0.128832826847,100.750262103,-5.40834002164,"[14.3027903683, 14.9096608804]","[-0.966421939128, -0.42712152795]"
Pakistan,19.0456252619,-0.397074720965,0.172759328862,0.093786604814,110.243686331,-4.23381059324,"[18.684035831, 19.4072146928]","[-0.593372340822, -0.200777101108]"
Panama,18.1346766439,-0.282513499952,0.0558182272663,0.0344116115918,324.888079253,-8.20983054507,"[18.0178477515, 18.2515055362]","[-0.354537830764, -0.210489169139]"
Papua New Guinea,14.5096375218,-0.841227700338,0.139962524379,0.153859388939,103.66801818,-5.4675096927,"[14.2166925916, 14.8025824521]","[-1.16325910238, -0.519196298291]"
Paraguay,16.4686530336,-0.558456152166,0.0841269993258,0.0457639857638,195.759425221,-12.2029614083,"[16.2925732003, 16.6447328668]","[-0.654241275195, -0.462671029137]"
Peru,18.5988897074,-0.679726057345,0.116770330686,0.0516713816744,159.277528787,-13.1547877242,"[18.3544865965, 18.8432928184]","[-0.787875502115, -0.571576612576]"
Philippines,19.8141880849,-0.885032930561,0.099569670384,0.0625111100699,198.998229164,-14.1580101452,"[19.6057863697, 20.0225898001]","[-1.0158701876, -0.754195673517]"
Poland,18.6745159371,-0.57295853817,0.0837855371968,0.0378871352854,222.884719272,-15.122772779,"[18.4991507923, 18.8498810819]","[-0.652257223675, -0.493659852665]"
Portugal,17.9102785075,-0.382792114703,0.111316472777,0.0574174369203,160.895131338,-6.66682692985,"[17.6772904523, 18.1432665627]","[-0.50296819132, -0.262616038087]"
Qatar,15.5505153784,-1.04961613085,0.102797914033,0.0717302447329,151.272674399,-14.6328251739,"[15.3353568716, 15.7656738852]","[-1.19974925851, -0.8994830032]"
Romania,17.3784880397,-0.534573856063,0.200060441184,0.10731615722,86.8661887224,-4.98129890138,"[16.959756724, 17.7972193555]","[-0.759189154552, -0.309958557574]"
Russia,18.590334962,-0.405637768173,0.114954747373,0.0583023960215,161.718723123,-6.95748023844,"[18.3488239996, 18.8318459244]","[-0.528126556973, -0.283148979373]"
Rwanda,13.8617348516,-0.86783901544,0.235737434497,0.138502960306,58.8015852517,-6.26585174442,"[13.3664688798, 14.3570008235]","[-1.15882293738, -0.576855093494]"
Saudi Arabia,18.5210266712,-0.525615822735,0.106445099725,0.0651379822657,173.996047907,-8.06926779818,"[18.298234517, 18.7438188254]","[-0.661951186473, -0.389280458998]"
Senegal,16.6956947755,-0.982693037881,0.113550030964,0.0816939201805,147.033819663,-12.0289617111,"[16.4580318293, 16.9333577217]","[-1.15368037792, -0.811705697844]"
Serbia,17.1990181448,-0.729115478057,0.135414626263,0.0821880729019,127.010047728,-8.87130519445,"[16.9145225719, 17.4835137176]","[-0.901786211861, -0.556444744252]"
Seychelles,13.1391533529,-0.695671084869,0.134964058998,0.09056573796,97.3529801225,-7.68139365437,"[12.8566703309, 13.4216363748]","[-0.885227352924, -0.506114816813]"
Sierra Leone,16.0409212965,-0.922198527555,0.158191945137,0.136365878127,101.401631307,-6.76267802636,"[15.7098217501, 16.3720208429]","[-1.20761559068, -0.636781464435]"
Singapore,18.4601235631,-0.383373850234,0.0969848531181,0.0570788739225,190.340274482,-6.71656295733,"[18.2571319326, 18.6631151936]","[-0.502841306353, -0.263906394116]"
Slovakia,16.0577786816,-0.675740608793,0.166042600323,0.0988038356288,96.7087882889,-6.83921433305,"[15.7089361229, 16.4066212402]","[-0.883319764726, -0.46816145286]"
Slovenia,15.3318550752,-0.566145950884,0.18514379108,0.124257014284,82.8105278915,-4.55624943304,"[14.9428824039, 15.7208277465]","[-0.827200250849, -0.30509165092]"
Solomon Islands,12.7382912811,-0.870879405274,0.115099777236,0.170972395836,110.671728365,-5.0936842817,"[12.4973846787, 12.9791978835]","[-1.2287287424, -0.51303006815]"
Somalia,12.7909274131,-4.42309233394,0.905298427607,1.09853538672,14.1289623653,-4.02635398677,"[10.8961160277, 14.6857387985]","[-6.72235332297, -2.12383134491]"
South Africa,18.0841278342,-0.610658448702,0.150080033646,0.0929641579159,120.496560367,-6.56875146714,"[17.7700067137, 18.3982489547]","[-0.805234667418, -0.416082229986]"
Spain,19.0602822779,-0.42329291945,0.116328391491,0.0625379262824,163.848928311,-6.76857939834,"[18.8168041563, 19.3037603995]","[-0.554186303472, -0.292399535428]"
Sri Lanka,16.5804860826,-1.12516314941,0.091748322876,0.0516876955904,180.717048147,-21.7684912541,"[16.3884546358, 16.7725175293]","[-1.23334673959, -1.01697955922]"
Sudan,15.2436744685,-1.07083248182,0.107800253053,0.0644466363195,141.406666838,-16.6158009629,"[15.0180459457, 15.4693029912]","[-1.20572084186, -0.935944121773]"
Suriname,16.2883685059,-0.608504359959,0.181780136122,0.111823488736,89.6047767007,-5.44165064816,"[15.9078983083, 16.6688387034]","[-0.842553611732, -0.374455108187]"
Swaziland,13.307664008,-0.887284087257,0.147972744527,0.0847213020056,89.9332106768,-10.4729751108,"[12.9979534943, 13.6173745217]","[-1.06460781028, -0.709960364238]"
Sweden,18.4587497982,-0.311173862051,0.154130499216,0.0791819962576,119.760526905,-3.92985623953,"[18.1361509559, 18.7813486406]","[-0.476903684894, -0.145444039208]"
Switzerland,18.9752465716,-0.254359468369,0.174060408592,0.0962095881769,109.015293743,-2.64380581176,"[18.6109339495, 19.3395591937]","[-0.455728450688, -0.05299048605]"
Syria,16.8593496578,-0.746890636443,0.0823347022287,0.0579101583783,204.766024549,-12.897402759,"[16.6870211455, 17.0316781701]","[-0.868097990923, -0.625683281962]"
Tajikistan,12.755150143,-1.0749348061,0.268186372957,0.145688501955,47.5607690368,-7.37830914368,"[12.1917114812, 13.3185888049]","[-1.38101499087, -0.768854621335]"
Tanzania,15.3057606407,-0.988228855962,0.121541577781,0.0852520687663,125.930244778,-11.5918460427,"[15.0513711948, 15.5601500866]","[-1.16666348658, -0.809794225345]"
Thailand,18.5023959297,-0.329741994574,0.0741255617454,0.0352032093552,249.608846045,-9.3668162822,"[18.3472493459, 18.6575425135]","[-0.403423158547, -0.256060830601]"
Togo,14.7338192105,-1.33682600796,0.152018793275,0.114435982824,96.9210378076,-11.6818676693,"[14.4156402194, 15.0519982015]","[-1.5763432727, -1.09730874322]"
Tonga,15.4252330647,-0.530963269287,0.111167340052,0.0914685226557,138.756878211,-5.80487422198,"[15.1925571479, 15.6579089815]","[-0.722409087426, -0.339517451147]"
Trinidad and Tobago,18.2259296237,-0.498468459164,0.0998272376777,0.0608931358341,182.574716557,-8.18595482621,"[18.0169888139, 18.4348704334]","[-0.625919257213, -0.371017661115]"
Tunisia,15.1766311614,-1.45070018589,0.125536361568,0.0920840886637,120.89430482,-15.7540809378,"[14.9138805369, 15.4393817858]","[-1.64343439849, -1.25796597329]"
Turkey,18.2502580466,-0.40392990533,0.174619372186,0.0952901429013,104.514509577,-4.23894741923,"[17.8847755002, 18.6157405929]","[-0.60337446657, -0.204485344089]"
Turkmenistan,12.6532316585,-1.23829252597,0.177980395898,0.0986513358875,71.0934010157,-12.5522124442,"[12.279308722, 13.027154595]","[-1.44555129183, -1.0310337601]"
Turks and Caicos Islands,15.3929758833,-0.670782406228,0.141214069489,0.109273926224,109.004548478,-6.13854035823,"[15.097411439, 15.6885403275]","[-0.899495362334, -0.442069450122]"
Tuvalu,12.0122518278,-0.943553639737,0.318507503484,0.413793367104,37.7141878809,-2.28025317646,"[11.3456079615, 12.6788956941]","[-1.80963311064, -0.0774741688334]"
Uganda,15.2648963235,-1.10149432886,0.14847463975,0.0858225322734,102.811472378,-12.8345587072,"[14.954135331, 15.575657316]","[-1.28112295332, -0.921865704403]"
Ukraine,17.4874154472,-0.65690676653,0.142591160568,0.0822022531659,122.64024907,-7.99134745375,"[17.1878425352, 17.7869883592]","[-0.829607291963, -0.484206241096]"
United Arab Emirates,17.6239011596,-0.938425991299,0.112728719617,0.0777061615616,156.339052013,-12.076596919,"[17.3879572378, 17.8598450814]","[-1.10106685662, -0.775785125975]"
United Kingdom,20.8437360443,-0.395500196694,0.134934099051,0.0657375016941,154.473451788,-6.01635575588,"[20.5613157292, 21.1261563594]","[-0.533090369017, -0.257910024372]"
Uruguay,17.0238526343,-0.522099225192,0.104705246129,0.0622557284639,162.588344554,-8.38636440492,"[16.8047020355, 17.243003233]","[-0.652401962392, -0.391796487993]"
Uzbekistan,15.0513266125,-1.31715259072,0.114678598522,0.0529858108853,131.247912047,-24.8585907947,"[14.8103958173, 15.2922574076]","[-1.42847164863, -1.20583353281]"
Vanuatu,13.4331205163,-0.300416121286,0.317166485864,0.31138363149,42.353530764,-0.96477814151,"[12.7692834322, 14.0969576005]","[-0.952149552145, 0.351317309572]"
Venezuela,18.8289504706,-0.271929171574,0.155579740449,0.0926962841551,121.024436834,-2.93354986182,"[18.5033183315, 19.1545826098]","[-0.465944724065, -0.0779136190833]"
Vietnam,18.500594752,-0.480984870427,0.224791584547,0.120054807321,82.3011003248,-4.00637743013,"[18.0301005583, 18.9710889457]","[-0.732262469997, -0.229707270858]"
Yemen,16.8686265657,-0.655107874896,0.0874969390805,0.0561295357563,192.791047812,-11.6713574425,"[16.6854933675, 17.0517597638]","[-0.772588343397, -0.537627406395]"
Zambia,15.0302183811,-0.945949615181,0.134657509709,0.0758706612352,111.618122254,-12.4679236978,"[14.7483769742, 15.3120597881]","[-1.10474873417, -0.787150496192]"
Zimbabwe,15.6241318107,-1.1216405959,0.127793705844,0.0866065014614,122.260573849,-12.9509976384,"[15.3566565104, 15.8916071111]","[-1.30291008672, -0.940371105068]"
