Country,Beta0 (Coeff),Beta1 (Ratio),Beta2 (Price),e0 (Coeff),e1 (Ratio),e2 (Price),t0 (Coeff),t1 (Ratio),t2 (Price),95%% Coeff. Int (Coeff),95%% Coeff. Int (Ratio),95%% Coeff. Int (Price)
Afghanistan,10.8885305706,-3.53544742195,-0.0899422812622,0.691032049793,0.550932273947,0.136890133119,15.7569110925,-6.41720877344,-0.657039913784,"[9.43672610672, 12.3403350346]","[-4.69291317896, -2.37798166493]","[-0.377537779023, 0.197653216499]"
Albania,15.1246431099,-1.14534801956,0.11626301837,0.202938650426,0.128084141925,0.0346817869175,74.5281545836,-8.9421531998,3.35227878097,"[14.6982848264, 15.5510013934]","[-1.41444281633, -0.876253222781]","[0.0433992878398, 0.189126748899]"
Algeria,15.4048086434,-1.02946524105,0.193399609064,0.0919130681934,0.0894837966939,0.094574516827,167.601941119,-11.5044877295,2.04494419377,"[15.2117064526, 15.5979108341]","[-1.21746372177, -0.841466760334]","[-0.00529407778257, 0.392093295911]"
Andorra,11.9064880309,-0.902543959774,-0.0202670406102,0.327052306675,0.183756921756,0.0335197159576,36.4054549926,-4.91161884488,-0.604630440064,"[11.2193766315, 12.5935994303]","[-1.28860292674, -0.51648499281]","[-0.0906893506481, 0.0501552694277]"
Angola,14.2431663037,-0.657280117675,0.726246652686,0.118811872673,0.0955071554537,0.0862003202853,119.879991647,-6.88199867907,8.4251038776,"[13.9935518218, 14.4927807857]","[-0.857933205568, -0.456627029781]","[0.545146499923, 0.907346805449]"
Antigua and Barbuda,16.9533588906,-0.0907428961338,0.137478885671,0.204728036014,0.178665556684,0.131388228121,82.8091707451,-0.507892499361,1.04635618911,"[16.5232412475, 17.3834765337]","[-0.466105302002, 0.284619509735]","[-0.138557538616, 0.413515309958]"
Argentina,18.2449978345,-0.39799416084,0.657644349254,0.159890308701,0.0489810870099,0.152300532637,114.109466563,-8.12546607549,4.31806992311,"[17.9090807609, 18.5809149081]","[-0.500899606094, -0.295088715586]","[0.337672803496, 0.977615895012]"
Armenia,16.1836172059,-0.414044824605,-0.0345206133502,0.247253276537,0.0829559625399,0.110786368244,65.4536005856,-4.9911400209,-0.311596217995,"[15.6619583914, 16.7052760204]","[-0.589066606646, -0.239023042564]","[-0.268259418883, 0.199218192182]"
Aruba,16.3581243417,-0.0561620171322,1.07355815149,0.125072503793,0.0946040561301,0.174809341311,130.789133067,-0.593653374174,6.14130883075,"[16.0953567618, 16.6208919215]","[-0.254917763752, 0.142593729488]","[0.706297353489, 1.44081894949]"
Australia,19.2746612676,-0.496486796825,-0.0776154685572,0.14834638644,0.084561131882,0.247908356745,129.930102985,-5.87133575173,-0.313081291717,"[18.9629970747, 19.5863254604]","[-0.674143142544, -0.318830451107]","[-0.598451599203, 0.443220662088]"
Austria,17.7285591126,-0.161755832861,0.699691744903,0.128914161041,0.0653497014904,0.154427500931,137.522200583,-2.47523445666,4.53087526954,"[17.4577205104, 17.9993977149]","[-0.299050461046, -0.0244612046768]","[0.375251604579, 1.02413188523]"
Azerbaijan,14.6565307684,-1.26463858153,-0.276505912304,0.336890683561,0.168766459369,0.255179231269,43.5053015223,-7.49342367115,-1.0835753009,"[13.9457535562, 15.3673079806]","[-1.62070468652, -0.908572476539]","[-0.814887029574, 0.261875204966]"
"Bahamas, The",18.1677167166,-0.224189583737,0.425972194913,0.0765705667337,0.0501323425994,0.170404476233,237.267627648,-4.47195507157,2.49977115819,"[18.0068479253, 18.3285855079]","[-0.329513727233, -0.118865440241]","[0.0679656750402, 0.783978714786]"
Bahrain,16.2000160405,-0.265594618827,0.519190706412,0.093566969993,0.0464701910984,0.125796200296,173.138192267,-5.7153760841,4.12723679403,"[16.003439131, 16.39659295]","[-0.36322486752, -0.167964370135]","[0.254902696631, 0.783478716193]"
Bangladesh,17.1776194603,-0.65347687718,0.197736479245,0.253896318233,0.0520668007845,0.103756241144,67.6560399922,-12.5507399597,1.90577913255,"[16.6442030893, 17.7110358312]","[-0.762865166512, -0.544088587847]","[-0.0202472945879, 0.415720253078]"
Barbados,17.0099863651,-0.42051613652,0.474191962008,0.117154671406,0.0643670865322,0.0946593452386,145.192557506,-6.5330925971,5.00945744778,"[16.7638535339, 17.2561191964]","[-0.555746367282, -0.285285905759]","[0.275320057281, 0.673063866735]"
Belarus,15.3584970137,-0.936265081694,0.24245525752,0.257545132443,0.150695451132,0.160897070369,59.6341964145,-6.2129618025,1.50689665737,"[14.8151242813, 15.9018697461]","[-1.254204692, -0.618325471387]","[-0.0970078879718, 0.581918403012]"
Belgium,18.4197277426,-0.378565139443,0.168795649276,0.0766952135498,0.0380286431426,0.0813806639854,240.167891711,-9.95473696034,2.07414932503,"[18.2585970781, 18.5808584071]","[-0.458460353982, -0.298669924904]","[-0.00217878134032, 0.339770079892]"
Belize,16.4043968629,-0.534017755083,0.356225479806,0.0983437258991,0.0421470403999,0.0940986678563,166.806745554,-12.6703500416,3.78565911634,"[16.1977843616, 16.6110093642]","[-0.62256540119, -0.445470108976]","[0.158531514549, 0.553919445063]"
Benin,13.5886166444,-0.986751264174,0.503344904831,0.309475524993,0.127518950783,0.177089581432,43.9085341068,-7.73807546342,2.84231799952,"[12.938432693, 14.2388005958]","[-1.25465863842, -0.718843889926]","[0.131293500104, 0.875396309559]"
Bermuda,17.6408980137,-0.0909925181115,0.672934964795,0.0554262394955,0.0312549753942,0.11639912796,318.277014178,-2.91129706435,5.78127153176,"[17.5244518056, 17.7573442219]","[-0.156656784784, -0.0253282514387]","[0.428389471399, 0.91748045819]"
Bhutan,11.6955397967,-0.946702002994,0.0234500190307,0.180601712066,0.124872231292,0.0374693299887,64.7587426661,-7.58136531397,0.625845699345,"[11.3161096793, 12.0749699141]","[-1.20904882593, -0.684355180059]","[-0.0552701221755, 0.102170160237]"
Bolivia,16.8093129604,-0.67625220093,0.304958935608,0.190348293695,0.0856938129804,0.158408043537,88.3081882906,-7.89149388282,1.92514804678,"[16.4094060349, 17.209219886]","[-0.856288221333, -0.496216180527]","[-0.0278440144095, 0.637761885626]"
Bosnia and Herzegovina,16.3068212433,-0.607910320047,0.174994730177,0.284883065897,0.210011904049,0.0393029685478,57.2404020996,-2.89464696203,4.45245579768,"[15.705770513, 16.9078719736]","[-1.05099670674, -0.164823933354]","[0.0920727148796, 0.257916745474]"
Botswana,14.1905267444,-0.736652644842,0.419111290284,0.136533182041,0.155779468628,0.190372903579,103.934637224,-4.72881729108,2.20152806626,"[13.9036811731, 14.4773723158]","[-1.0639331639, -0.409372125785]","[0.0191526612902, 0.819069919277]"
Brazil,19.7348473939,-0.697375156326,-0.392729492367,0.181130660251,0.0918402917349,0.289100258044,108.953654597,-7.59334648391,-1.35845431279,"[19.3543059976, 20.1153887902]","[-0.890324449414, -0.504425863238]","[-1.00010659633, 0.214647611597]"
Bulgaria,16.1269673016,-1.09100622843,-0.00743012692943,0.140557516698,0.0835013430677,0.0598827192146,114.735715886,-13.0657326978,-0.124077981543,"[15.8316669168, 16.4222676863]","[-1.26643604047, -0.915576416388]","[-0.133239051557, 0.118378797698]"
Burundi,13.5766985704,-0.69099763702,0.0193460684359,0.179603703066,0.0983980121962,0.0252126083634,75.5925314383,-7.02247557239,0.767317215143,"[13.1993651921, 13.9540319487]","[-0.897724189559, -0.484271084481]","[-0.0336236561668, 0.0723157930387]"
Cambodia,15.3184471793,-0.851585949195,0.247408459141,0.136718390249,0.0464059641484,0.0607803778898,112.043794191,-18.3507866892,4.07053176914,"[15.0299965897, 15.6068977688]","[-0.949493975259, -0.75367792313]","[0.119173071043, 0.37564384724]"
Cameroon,15.3719686266,-0.957888717034,0.319940147683,0.135113957718,0.107373286993,0.102062172446,113.770397125,-8.9211082557,3.134757374,"[15.0881047349, 15.6558325183]","[-1.18347162221, -0.732305811858]","[0.105515480115, 0.53436481525]"
Canada,21.5793590264,-0.413210332237,-0.281680917611,0.126309728027,0.0715037192718,0.350902601222,170.844790528,-5.77886488207,-0.802732486535,"[21.3139921349, 21.8447259179]","[-0.563434072015, -0.26298659246]","[-1.0188999265, 0.455538091275]"
Cape Verde,15.6574428031,-0.880817041791,-0.103456022576,0.290914720283,0.165916446719,0.139337111112,53.8214181391,-5.30879885153,-0.742487207824,"[15.0462536555, 16.2686319508]","[-1.22939456154, -0.532239522041]","[-0.396192430334, 0.189280385183]"
Cayman Islands,16.902215801,-0.00295682787934,0.998671543265,0.0696295472437,0.0693125079883,0.155324193127,242.744875848,-0.0426593693571,6.42959427738,"[16.7559295506, 17.0485020515]","[-0.148577003576, 0.142663347818]","[0.672347522543, 1.32499556399]"
Central African Republic,12.5746907217,-0.449888188703,0.396229108828,0.203730334655,0.127488598193,0.097426574349,61.7222307269,-3.5288503841,4.06695104981,"[12.1466691713, 13.002712272]","[-0.717731794527, -0.182044582879]","[0.191543471473, 0.600914746183]"
Chad,13.4621892965,-1.30603424511,-0.109566200251,0.177188760085,0.103602935354,0.0695895763074,75.9765421352,-12.6061509806,-1.57446281562,"[13.0899295251, 13.8344490678]","[-1.52369593543, -1.08837255479]","[-0.255768474886, 0.0366360743845]"
Chile,18.1259033233,-0.426630777214,0.503127653379,0.146062350288,0.0896323388553,0.230291332653,124.097026288,-4.75978628542,2.18474420023,"[17.8190377123, 18.4327689342]","[-0.614941333433, -0.238320220994]","[0.0193035169307, 0.986951789826]"
China,18.6500687588,-0.532773191178,0.733859579166,0.211182139399,0.0466694297837,0.197097683911,88.3127181674,-11.4158924514,3.72332928832,"[18.2063915476, 19.0937459699]","[-0.630822024816, -0.43472435754]","[0.319772710957, 1.14794644737]"
Colombia,18.9377292013,-0.534444689286,0.427156509354,0.113151591381,0.0823270530356,0.124948204095,167.36599963,-6.49172622582,3.41866865914,"[18.7000065291, 19.1754518735]","[-0.707407409516, -0.361481969055]","[0.164650073483, 0.689662945225]"
Comoros,12.4072712579,-1.37639953335,0.1115814754,0.407728978821,0.250043167375,0.0684795908531,30.430192364,-5.50464764862,1.62941212133,"[11.5506644599, 13.263878056]","[-1.9017207347, -0.851078331996]","[-0.0322888063303, 0.25545175713]"
Congo,13.8649498268,-0.953971213035,0.267458955088,0.259959491795,0.164388620116,0.155607224065,53.3350397445,-5.80314630271,1.71880808681,"[13.318795201, 14.4111044527]","[-1.2993388882, -0.608603537869]","[-0.05945969157, 0.594377601746]"
Costa Rica,17.7344772585,-0.481770104362,0.664387575991,0.162438479196,0.0936698109442,0.290903046417,109.176577781,-5.14328041773,2.28387974679,"[17.3932066774, 18.0757478397]","[-0.67856307468, -0.284977134044]","[0.0532229542012, 1.27555219778]"
Cote d'Ivoire,16.2490075519,-0.600895845792,0.134415655067,0.12046374701,0.0751474611672,0.0795652794565,134.887117121,-7.99622284583,1.68937576774,"[15.9959226107, 16.502092493]","[-0.758774803226, -0.443016888357]","[-0.0327447941812, 0.301576104315]"
Croatia,16.9276526491,-0.25099929488,0.0859207515846,0.32162324354,0.183744290556,0.339318979102,52.6319318927,-1.36602500203,0.253215283778,"[16.2490869197, 17.6062183785]","[-0.638665861433, 0.136667271672]","[-0.62997971638, 0.801821219549]"
Cuba,17.4703917879,-0.802925913278,0.187489517648,0.363279205887,0.627436532939,0.101128245326,48.0908114331,-1.27969264001,1.85397775906,"[16.7071704975, 18.2336130783]","[-2.12112115418, 0.515269327627]","[-0.0249730418487, 0.399952077145]"
Cyprus,16.2014084645,-0.230893039134,0.395014833302,0.101724982647,0.0527713866003,0.18116381469,159.266760661,-4.37534531513,2.18042898897,"[15.9876922064, 16.4151247225]","[-0.341761608337, -0.120024469932]","[0.0144037821253, 0.77562588448]"
Czech Republic,16.7057286039,-0.224267692071,0.847747076113,0.12807381956,0.076167566693,0.151269918427,130.438278965,-2.94439880133,5.60420131727,"[16.4366554936, 16.9748017142]","[-0.384289811688, -0.0642455724546]","[0.529940770464, 1.16555338176]"
Denmark,17.7492163132,-0.447450001039,-0.22541973401,0.109880718958,0.076420097253,0.0728198325197,161.53167254,-5.8551351951,-3.09558160476,"[17.5183654889, 17.9800671374]","[-0.608002667675, -0.286897334403]","[-0.378408525117, -0.0724309429021]"
Djibouti,13.3119721184,-0.860539555819,0.358092580462,0.240425868222,0.108110866253,0.131394343982,55.3683021586,-7.95978781456,2.72532720671,"[12.8068561129, 13.817088124]","[-1.08767205752, -0.633407054119]","[0.0820433072269, 0.634141853697]"
Dominica,15.845258309,-0.476061259004,0.314797784883,0.229572360756,0.162226614178,0.164245210389,69.0207577989,-2.93454475035,1.91663296687,"[15.3629446765, 16.3275719416]","[-0.816886728244, -0.135235789764]","[-0.0302685976274, 0.659864167394]"
Dominican Republic,19.2868823171,-0.638460390811,0.26741316605,0.0897799582375,0.0411376528292,0.105932054618,214.823917227,-15.520097694,2.52438383279,"[19.098261624, 19.4755030101]","[-0.724887392324, -0.552033389298]","[0.0448581777364, 0.489968154364]"
Ecuador,18.7774032318,-0.795430259405,-0.0989849989199,0.255218558164,0.059422801079,0.142961348825,73.5738159751,-13.3859435261,-0.692389934294,"[18.2412089378, 19.3135975257]","[-0.920272931885, -0.670587586926]","[-0.39933564757, 0.20136564973]"
Egypt,16.8624687367,-0.492601009782,0.912825177421,0.188329671125,0.0423016827628,0.108400042612,89.5369733084,-11.6449506878,8.42089316043,"[16.4668027798, 17.2581346936]","[-0.581473547438, -0.403728472126]","[0.685085138735, 1.14056521611]"
El Salvador,18.2744701046,-1.02008483964,0.302707706881,0.128806071274,0.055164581599,0.0575654603111,141.875844235,-18.4916627676,5.25849537632,"[18.0038585906, 18.5450816187]","[-1.13598132496, -0.904188354321]","[0.181767162557, 0.423648251205]"
Equatorial Guinea,12.3787860633,-1.40796587305,0.150470043916,0.194350434641,0.123602103237,0.0438276057702,63.6931226117,-11.3911158158,3.43322527598,"[11.9704709516, 12.7871011749]","[-1.66764425596, -1.14828749014]","[0.0583916609822, 0.242548426849]"
Estonia,14.8165471359,-0.872659605782,0.144885576878,0.112173598591,0.0993904793801,0.0750331628702,132.085867994,-8.7801126549,1.93095387873,"[14.5798815302, 15.0532127417]","[-1.08235518747, -0.662964024098]","[-0.0134205589999, 0.303191712755]"
Ethiopia,16.4193470726,-1.15046690283,0.227253208509,0.310688709542,0.1450094343,0.174852042567,52.8482257912,-7.93373830046,1.299688612,"[15.7666143151, 17.0720798302]","[-1.45512041939, -0.845813386268]","[-0.1400973015, 0.594603718518]"
Fiji,15.5819530819,-0.491597398916,0.452840816681,0.289440430391,0.171089011191,0.221172700608,53.8347495573,-2.87334291953,2.04745348515,"[14.9738613023, 16.1900448614]","[-0.851042073371, -0.132152724461]","[-0.0118257847266, 0.917507418089]"
Finland,17.1250886569,-0.347231046581,0.0246551847444,0.154273474393,0.195894460477,0.280338138635,111.004751298,-1.77254142734,0.0879480218582,"[16.8009721144, 17.4492051995]","[-0.758790036159, 0.064327942996]","[-0.564313389434, 0.613623758923]"
France,19.6869020686,-0.320336498373,0.849988661858,0.10591938165,0.0503404530088,0.242823820928,185.866852336,-6.36340118586,3.50043360083,"[19.4643737052, 19.909430432]","[-0.426097865615, -0.214575131131]","[0.339834744575, 1.36014257914]"
French Polynesia,14.7028934552,-0.136066508462,0.588723795196,0.306170596355,0.184997885948,0.210554335655,48.0218990008,-0.735503045152,2.79606588657,"[14.0596529012, 15.3461340091]","[-0.524732644448, 0.252599627525]","[0.14636555075, 1.03108203964]"
Gabon,14.3649291543,-0.629541953518,0.382307382392,0.133198269423,0.111114554196,0.133656463375,107.846214643,-5.66570201425,2.86037332381,"[14.0850899743, 14.6447683342]","[-0.86298496942, -0.396098937617]","[0.101505572667, 0.663109192117]"
"Gambia, The",15.2653719313,-0.742820362973,0.308488929895,0.438429121086,0.151979261859,0.241963762653,34.8183348166,-4.88764291841,1.2749385549,"[14.3442665277, 16.1864773349]","[-1.06211694387, -0.423523782072]","[-0.199858072002, 0.816835931792]"
Georgia,15.3330893485,-0.610834562843,0.123763531753,0.178241884726,0.100469320217,0.0292370324979,86.0240530559,-6.0798118423,4.23310853323,"[14.9570318435, 15.7091468535]","[-0.822806299731, -0.398862825955]","[0.0620787851396, 0.185448278367]"
Germany,20.2918572284,-0.351347575333,0.644538103266,0.146586412349,0.0670795296183,0.204010323388,138.429318948,-5.2377763728,3.15934062826,"[19.9838906039, 20.5998238529]","[-0.492276437557, -0.210418713109]","[0.215928318422, 1.07314788811]"
Ghana,16.7002003524,-1.14833573322,0.260762335301,0.222413549363,0.0526037045569,0.15081375259,75.0862544132,-21.8299403606,1.72903552112,"[16.2329268245, 17.1674738803]","[-1.25885201553, -1.03781945092]","[-0.0560856014865, 0.577610272088]"
Greece,18.105792912,-0.300173540937,0.74805745881,0.0905989425152,0.0299305526578,0.107686668608,199.845521475,-10.0290009466,6.94661157674,"[17.9154515969, 18.2961342272]","[-0.363055298692, -0.237291783181]","[0.521816163292, 0.974298754328]"
Greenland,11.9329301498,-1.07209714904,-0.0289304545151,0.514041731718,0.433874344438,0.0258563869981,23.2139326703,-2.47098535046,-1.11889006446,"[10.8529685461, 13.0128917536]","[-1.98363332197, -0.16056097612]","[-0.0832527078404, 0.0253917988103]"
Grenada,16.7752430325,-0.352671887734,0.0216650019283,0.284204406893,0.174126687888,0.148501655846,59.0252741534,-2.02537527136,0.145890642126,"[16.1781517301, 17.3723343349]","[-0.718498484113, 0.0131547086451]","[-0.290325399852, 0.333655403708]"
Guatemala,17.8483235708,-1.22981892464,0.514780431748,0.135644398447,0.0373725287142,0.0771903525658,131.581722321,-32.9070300284,6.66897370768,"[17.5633452645, 18.1333018771]","[-1.30833569391, -1.15130215536]","[0.352609518749, 0.676951344748]"
Guinea,14.9777626011,-1.13808965308,0.23544852868,0.142849610873,0.104984254032,0.103101613989,104.8498663,-10.8405747468,2.28365512015,"[14.6776467052, 15.2778784971]","[-1.35865338625, -0.917525919902]","[0.0188400754674, 0.452056981893]"
Guinea-Bissau,14.1514079945,-1.10844758672,-0.0386283989714,0.164661139602,0.163659779308,0.0254062195993,85.9426093413,-6.77287719319,-1.52043080713,"[13.8054677771, 14.4973482118]","[-1.45228402417, -0.764611149268]","[-0.0920048856868, 0.014748087744]"
Guyana,17.1838891795,-0.347802964473,0.626659405883,0.245481950369,0.0787840034634,0.20148954061,70.0006218531,-4.41463938342,3.11013367734,"[16.6681507395, 17.6996276195]","[-0.513322013767, -0.182283915178]","[0.203345589138, 1.04997322263]"
Haiti,17.5766247178,-0.997768047514,0.228916376795,0.460983718712,0.109839233775,0.243827123768,38.1285151824,-9.08389482723,0.938847053835,"[16.6081338629, 18.5451155726]","[-1.22853171463, -0.767004380393]","[-0.283345401538, 0.741178155128]"
Honduras,17.7544830428,-0.844560294682,0.410875409687,0.149819983352,0.0696028281011,0.0643692725717,118.505439966,-12.1339939443,6.38309853867,"[17.4397229377, 18.0692431479]","[-0.990790410303, -0.698330179061]","[0.275640586227, 0.546110233147]"
Hong Kong,19.3134691725,-0.0558928094114,0.457643310125,0.145794317489,0.0694126203706,0.112823732972,132.470658014,-0.80522546351,4.05626811018,"[19.0071666776, 19.6197716675]","[-0.201723313419, 0.0899376945962]","[0.220609442862, 0.694677177388]"
Hungary,17.430651438,-0.413033469015,-0.0285823579209,0.148627617186,0.152104841104,0.172931856199,117.27733895,-2.71545248671,-0.165281045084,"[17.1183964013, 17.7429064747]","[-0.732593882117, -0.0934730559129]","[-0.391898706068, 0.334733990226]"
Iceland,16.5753123622,0.122475818803,0.720979928927,0.179482222992,0.140624704383,0.308966833825,92.350719118,0.870940986798,2.33351884408,"[16.1982342041, 16.9523905203]","[-0.172965722037, 0.417917359644]","[0.0718646980409, 1.37009515981]"
India,19.3748219054,-1.02835323286,0.378569876971,0.117023477051,0.0316960941793,0.0730434962333,165.56354668,-32.444162585,5.18280061186,"[19.1289647033, 19.6206791076]","[-1.09494425571, -0.961762210013]","[0.225111185838, 0.532028568103]"
Indonesia,17.6983962398,-0.140136275114,0.751696912043,0.197644413102,0.0876439490452,0.21996473197,89.5466558451,-1.59892698401,3.41735197871,"[17.2831607362, 18.1136317434]","[-0.324269379356, 0.0439968291292]","[0.289568158572, 1.21382566552]"
Iran,17.7793464971,-0.241672215205,0.358583123514,0.148912051438,0.0743983591533,0.181604670257,119.394947054,-3.2483541029,1.97452589191,"[17.4664938861, 18.092199108]","[-0.397977367708, -0.085367062702]","[-0.0229541308388, 0.740120377867]"
Iraq,16.1158744927,-1.09217110926,-0.16902930695,0.182698502763,0.0916919936456,0.0948086470621,88.2102165532,-11.9113028939,-1.78284694685,"[15.7320391815, 16.4997098039]","[-1.28480883963, -0.899533378898]","[-0.368214883168, 0.0301562692682]"
Ireland,18.5824107543,-0.425657218326,-0.0511230367039,0.15648169037,0.0813195134447,0.185344814066,118.751342156,-5.2343797976,-0.275826636756,"[18.2536549221, 18.9111665864]","[-0.596503176423, -0.254811260228]","[-0.440518041619, 0.338271968212]"
Israel,19.215652261,-0.34236022847,0.330114703279,0.133757673378,0.0755873434793,0.215382474894,143.660186184,-4.52933272571,1.53269063995,"[18.934637817, 19.4966667051]","[-0.501163344349, -0.183557112591]","[-0.122387085306, 0.782616491865]"
Italy,19.2743054073,-0.302009642377,0.895209221045,0.164282437214,0.0649170395849,0.181297069446,117.324199313,-4.65223990971,4.93780304216,"[18.9291608142, 19.6194500005]","[-0.438395281629, -0.165624003126]","[0.514318212015, 1.27610023007]"
Jamaica,18.8094607247,-0.687341680499,0.307071093061,0.0990100334328,0.0543206070145,0.0578875814438,189.975299195,-12.6534241474,5.30461085784,"[18.6014483632, 19.0174730861]","[-0.801465041016, -0.573218319983]","[0.185453797349, 0.428688388773]"
Japan,20.2906667012,-0.0784527301768,0.921704423214,0.107471166305,0.0590162668291,0.231445739226,188.80102821,-1.32934077996,3.98237801351,"[20.0648781593, 20.5164552432]","[-0.202441305891, 0.0455358455372]","[0.435454968554, 1.40795387787]"
Jordan,16.2474622379,-0.66798714051,0.847836745897,0.311005560786,0.103399112017,0.20126759131,52.2417097523,-6.46027927592,4.21248518144,"[15.5940638006, 16.9008606752]","[-0.885220613887, -0.450753667133]","[0.424989227328, 1.27068426447]"
Kazakhstan,15.3577572742,-0.620946835168,0.19553611594,0.269631312717,0.186592862745,0.207439342136,56.9583596188,-3.32781664868,0.942618280245,"[14.7888849304, 15.9266296181]","[-1.0146233637, -0.227270306635]","[-0.242122639555, 0.633194871434]"
Kenya,16.9720019434,-0.651729646296,0.011547234572,0.209540411388,0.0717541562612,0.121403438201,80.9963187099,-9.08281387803,0.0951145597122,"[16.5317738748, 17.412230012]","[-0.802479534664, -0.500979757928]","[-0.243511924505, 0.266606393649]"
Kiribati,12.2696386774,-1.08203198701,0.0446870625918,0.220873955556,0.256618299248,0.0293539689018,55.5504094926,-4.21650361718,1.52235163637,"[11.805599716, 12.7336776387]","[-1.62116702783, -0.542896946195]","[-0.0169833376426, 0.106357462826]"
"Korea, South",19.6671269608,-0.147888276519,0.341304923917,0.119281905797,0.0757061575589,0.31416959483,164.879382412,-1.95345109681,1.08637159526,"[19.4165249759, 19.9177289457]","[-0.306941011516, 0.0111644584789]","[-0.318740902235, 1.00135075007]"
Kuwait,16.9515051834,-0.326039347873,0.482889704014,0.186028388615,0.0565630765474,0.140419789913,91.1232167823,-5.7641728098,3.43890063011,"[16.5606740417, 17.3423363252]","[-0.444873962055, -0.207204733691]","[0.187878672499, 0.777900735529]"
Kyrgyzstan,13.372440989,-1.09709292199,0.054496863631,0.190673460116,0.101345830952,0.0164622940116,70.1326811862,-10.8252397921,3.31040519581,"[12.9701551525, 13.7747268254]","[-1.31091393488, -0.883271909101]","[0.0197644592784, 0.0892292679835]"
Laos,14.628590966,-0.870540618392,-0.0448191740243,0.171441065642,0.0597427845733,0.0464674837594,85.3272284047,-14.5714771183,-0.96452767394,"[14.2684066526, 14.9887752794]","[-0.996055551247, -0.745025685536]","[-0.142443734809, 0.0528053867603]"
Latvia,14.971020235,-0.585026118372,0.513490200176,0.128592725917,0.0661999546849,0.100690992346,116.421983656,-8.83725859266,5.09966371582,"[14.6997132987, 15.2423271714]","[-0.724695814018, -0.445356422726]","[0.301050775977, 0.725929624375]"
Lebanon,17.414301691,-0.869398245532,0.0635954999124,0.316111465282,0.0849888264589,0.18269268565,55.0891176169,-10.2295593639,0.348100963572,"[16.7501761464, 18.0784272356]","[-1.04795314421, -0.690843346851]","[-0.320227589961, 0.447418589785]"
Lesotho,12.9736219468,-0.797854078255,0.02726004518,0.185636496523,0.258370263665,0.213470271267,69.8872376378,-3.08802594748,0.127699491916,"[12.5836141397, 13.3636297538]","[-1.34066985973, -0.255038296778]","[-0.421224352661, 0.475744443021]"
Liberia,15.213886421,-0.0481055018969,0.432578767602,0.240041173194,0.208609088597,0.0928222802265,63.3803202116,-0.230601179558,4.66029025085,"[14.7095786297, 15.7181942123]","[-0.486376933925, 0.390165930131]","[0.237566393248, 0.627591141955]"
Libya,14.0487629153,-1.59533482229,0.0235008590037,0.280203501994,0.229034398884,0.0556715781004,50.1377135378,-6.96548129917,0.42213387523,"[13.4600772022, 14.6374486284]","[-2.07651823888, -1.1141514057]","[-0.0934607864424, 0.14046250445]"
Liechtenstein,14.8469039306,0.0721018988591,0.107838653286,0.648455371171,0.421831129483,0.0494946658174,22.8957991415,0.170925979189,2.17879344179,"[13.4845497492, 16.209258112]","[-0.81413241833, 0.958336216049]","[0.00385421899625, 0.211823087576]"
Lithuania,14.6589183676,-0.682881965134,0.727554595118,0.232361634834,0.142611187278,0.157313464009,63.0866553252,-4.78841792268,4.62487174701,"[14.1686781707, 15.1491585644]","[-0.983765269626, -0.381998660643]","[0.39565219815, 1.05945699209]"
Luxembourg,16.085063631,-0.442023496987,0.285842107647,0.0778216214512,0.0427251036737,0.103059169755,206.691448097,-10.3457559837,2.77357277693,"[15.9215664713, 16.2485607907]","[-0.531785608966, -0.352261385007]","[0.0693228264586, 0.502361388835]"
Macau,15.0194653803,-0.522657012869,0.264661209871,0.0971418782665,0.0546547402179,0.0657007894404,154.613701611,-9.56288531947,4.02828051421,"[14.8153778672, 15.2235528933]","[-0.637482361197, -0.407831664542]","[0.126628973274, 0.402693446467]"
Madagascar,13.6320254872,-1.2412355447,0.0716196776454,0.264404812644,0.202626738648,0.0453172338086,51.5574030249,-6.12572433915,1.58040709077,"[13.0765315888, 14.1875193857]","[-1.66693852586, -0.815532563529]","[-0.0235882976658, 0.166827652957]"
Malawi,14.0150158416,-0.600214424812,0.475842866428,0.100583608659,0.118577029648,0.11372771976,139.33697576,-5.06181025611,4.18405352216,"[13.8036975213, 14.2263341619]","[-0.849335519865, -0.351093329758]","[0.236909793398, 0.714775939458]"
Malaysia,17.3381411247,-0.498028755004,0.962224353207,0.202086210242,0.0530003227703,0.273237520432,85.7957655988,-9.3967117363,3.5215674322,"[16.9135737515, 17.7627084978]","[-0.609378301252, -0.386679208756]","[0.388173624312, 1.5362750821]"
Maldives,13.1874881242,-1.22858850283,-0.0454843130062,0.51357747796,0.315194964222,0.187924883625,25.6776994516,-3.89786843791,-0.242034541296,"[12.1085018814, 14.266474367]","[-1.89078855014, -0.566388455523]","[-0.440299842923, 0.349331216911]"
Mali,15.1408521861,-1.010509293,0.196008860079,0.412445128445,0.126202413541,0.232939665134,36.7099794418,-8.00705204162,0.841457636535,"[14.2743371253, 16.0073672468]","[-1.27565072514, -0.745367860859]","[-0.293379216447, 0.685396936605]"
Malta,14.6969113972,-0.253946497277,0.672036438306,0.101317133922,0.0685919728758,0.0848518016179,145.058499271,-3.70227719994,7.92011985004,"[14.4840519975, 14.9097707969]","[-0.398052884875, -0.109840109678]","[0.493769418132, 0.850303458479]"
Marshall Islands,14.4775266768,-0.352989653378,0.2353589177,0.0996914148679,0.159431698814,0.0847566134668,145.223404603,-2.21404937666,2.77687968022,"[14.2680827861, 14.6869705675]","[-0.68794322333, -0.0180360834271]","[0.0572918804116, 0.413425954989]"
Mauritania,13.7547951794,-1.38035006744,0.0440556352829,0.156691676624,0.108714644201,0.0625382789736,87.7825515421,-12.6970021158,0.704458709226,"[13.4255981825, 14.0839921764]","[-1.60875105954, -1.15194907534]","[-0.0873324133714, 0.175443683937]"
Mauritius,14.3513946792,-0.800977414076,0.378807745055,0.204079981058,0.102488582658,0.0852573122943,70.3224030344,-7.81528433026,4.443111504,"[13.9226385491, 14.7801508094]","[-1.01629793625, -0.585656891897]","[0.199688778564, 0.557926711546]"
Mexico,21.2274974631,-0.401185720831,0.82211665796,0.0923642647154,0.0652518470344,0.186793507566,229.823704314,-6.14826612678,4.40120574141,"[21.0334473437, 21.4215475826]","[-0.538274764432, -0.26409667723]","[0.42967806094, 1.21455525498]"
"Micronesia, Federated States of",15.1319920459,-0.586256160669,0.177215895735,0.136187119064,0.170300145685,0.154220485893,111.111771436,-3.44248772254,1.14910736216,"[14.8458735259, 15.418110566]","[-0.944043490196, -0.228468831142]","[-0.146789322134, 0.501221113604]"
Moldova,15.466180046,-0.66904170298,-0.00502139280871,0.200360815953,0.114594428519,0.0252176486401,77.191640354,-5.83834407682,-0.199122165606,"[15.0434556754, 15.8889044167]","[-0.910814813403, -0.427268592558]","[-0.0582259807459, 0.0481831951285]"
Mongolia,13.5432198343,-0.691344894133,0.329792381274,0.275237925854,0.0937505247798,0.164186042899,49.2055002679,-7.37430425864,2.00865052505,"[12.9625185707, 14.1239210979]","[-0.889141211744, -0.493548576523]","[-0.0166098896968, 0.676194652244]"
Morocco,16.4396527259,-1.14708383704,0.27926000028,0.144089864768,0.209367712384,0.18943768142,114.093054028,-5.47880006889,1.47415233436,"[16.1369311533, 16.7423742986]","[-1.5869490785, -0.707218595572]","[-0.118733799867, 0.677253800427]"
Mozambique,13.6758963193,-0.604561326618,0.582767072718,0.155366102284,0.0794868717357,0.112269826312,88.0236816027,-7.60580097588,5.19077201649,"[13.3494842507, 14.0023083879]","[-0.771557047357, -0.437565605878]","[0.346896920165, 0.818637225272]"
Namibia,14.1980642352,-0.914637755657,-0.174506199391,0.128152594984,0.101980957579,0.101732908842,110.79029837,-8.96871119246,-1.71533677134,"[13.9288256239, 14.4673028465]","[-1.12889179712, -0.700383714194]","[-0.388239109794, 0.0392267110122]"
Nepal,15.4930362796,-1.21103400535,0.0425345941074,0.242912527094,0.129387324103,0.117595526848,63.7803099942,-9.35975771775,0.361702483484,"[14.9826959975, 16.0033765616]","[-1.48286668628, -0.939201324413]","[-0.204524440081, 0.289593628296]"
Netherlands,18.9414123447,-0.46276983273,-0.219914037412,0.131168937806,0.0772874168895,0.211654591499,144.404709388,-5.98764781325,-1.03902323051,"[18.6658366322, 19.2169880571]","[-0.625144670307, -0.300394995154]","[-0.66458383361, 0.224755758786]"
New Caledonia,13.4652559491,-0.623147847707,-0.0245938711019,0.212192011747,0.172608567386,0.115817357454,63.4578834434,-3.61017913041,-0.212350477015,"[13.0194570748, 13.9110548233]","[-0.985784991263, -0.260510704151]","[-0.26791711002, 0.218729367816]"
New Zealand,17.7500240053,-0.529049044894,0.714103383556,0.0891619297531,0.0494906235663,0.12430322285,199.07626556,-10.6898844018,5.74485011072,"[17.562701742, 17.9373462687]","[-0.63302498673, -0.425073103059]","[0.452952002996, 0.975254764115]"
Nicaragua,17.267287301,-0.968331190284,0.229017827224,0.129554568969,0.0614536585594,0.0661849753366,133.281963256,-15.757095883,3.46026913298,"[16.9951032516, 17.5394713503]","[-1.097440536, -0.839221844563]","[0.0899683538066, 0.368067300642]"
Niger,13.812694959,-1.36002165171,-0.0257944558423,0.15082746119,0.117691192344,0.0362307505274,91.5794434912,-11.555849037,-0.711949254895,"[13.4958182215, 14.1295716965]","[-1.60728167165, -1.11276163177]","[-0.10191243816, 0.0503235264753]"
Nigeria,17.4026049455,-0.72137642972,0.449859733281,0.175693372144,0.0788099163546,0.132153991015,99.0510042192,-9.15337134066,3.40405711417,"[17.0334868676, 17.7717230233]","[-0.886949919979, -0.555802939461]","[0.172214500851, 0.727504965711]"
Norway,17.6272239676,-0.530774552261,-0.00543435302348,0.0876183067013,0.0537740615817,0.115904740135,201.181974763,-9.87045680853,-0.0468863742512,"[17.4431447359, 17.8113031992]","[-0.643749663432, -0.417799441091]","[-0.248941176142, 0.238072470095]"
Oman,15.2059416203,-0.856503463792,0.230595683391,0.178217537686,0.121568738941,0.17509536592,85.3223639927,-7.04542525693,1.316971938,"[14.8315204675, 15.5803627732]","[-1.11190990684, -0.601097020746]","[-0.137266030015, 0.598457396797]"
Pacific Islands (Palau),14.399887655,-0.456061832869,0.250100281299,0.20198577124,0.210096482832,0.175109382866,71.291594287,-2.17072569098,1.42825174303,"[13.9755312963, 14.8242440136]","[-0.897458164229, -0.0146655015095]","[-0.117790880618, 0.617991443216]"
Pakistan,17.8313266683,-0.621804045269,0.542155913798,0.285486492814,0.0805742054316,0.115821192913,62.459440699,-7.71716012512,4.68097331897,"[17.2315418033, 18.4311115332]","[-0.791084169336, -0.452523921203]","[0.29882461688, 0.785487210716]"
Panama,17.9017777414,-0.33398724117,0.239603567683,0.120590795695,0.0397464986175,0.112308321579,148.450614645,-8.40293491973,2.13344447067,"[17.6484258809, 18.1551296019]","[-0.417491536138, -0.250482946202]","[0.00365253957464, 0.475554595792]"
Papua New Guinea,14.4072119454,-0.576482284285,0.101270640639,0.138243243828,0.190791040322,0.0487543023084,104.216390953,-3.02153750675,2.07716315985,"[14.1167736675, 14.6976502233]","[-0.977319385978, -0.175645182592]","[-0.00115834763727, 0.203699628915]"
Paraguay,16.4727629898,-0.560081045009,-0.00412870065114,0.190737017087,0.0820333608268,0.170805794134,86.3637443923,-6.82747895934,-0.0241719004444,"[16.0720393867, 16.8734865929]","[-0.732426740805, -0.387735349213]","[-0.362978358148, 0.354720956846]"
Peru,17.7538391224,-0.582930521185,0.730780552541,0.358894557163,0.0604808233077,0.29710249279,49.4681202823,-9.6382702699,2.45969175714,"[16.9998296372, 18.5078486077]","[-0.709996015884, -0.455865026486]","[0.106591377227, 1.35496972785]"
Philippines,18.9341430009,-0.760040459616,0.523381214791,0.201652643867,0.0509951666016,0.112689086056,93.8948413365,-14.9041666155,4.64447120044,"[18.510486517, 19.3577994849]","[-0.867177329075, -0.652903590157]","[0.286630230201, 0.76013219938]"
Poland,18.2932035589,-0.348405709214,0.408377153037,0.0939994214529,0.0512403506975,0.0812355311109,194.609746274,-6.79944037212,5.02707555982,"[18.0957181026, 18.4906890152]","[-0.456057691344, -0.240753727084]","[0.237707635275, 0.579046670799]"
Portugal,17.3386280592,-0.441053528621,0.669884430996,0.240471788527,0.0550583167865,0.257589943607,72.1025454393,-8.0106613199,2.60058456326,"[16.8334155786, 17.8438405398]","[-0.556726759856, -0.325380297385]","[0.128708041127, 1.21106082087]"
Qatar,15.6215582011,-1.08488382055,-0.167629251808,0.105635122303,0.0709910930306,0.0954432991646,147.882237086,-15.281970938,-1.75632289826,"[15.3996270444, 15.8434893578]","[-1.23403057256, -0.935737068542]","[-0.368148182616, 0.0328896789999]"
Romania,17.1116206067,-0.506061492459,0.224132807773,0.277615802327,0.107108363229,0.16530202973,61.6377758876,-4.72476170116,1.35589870336,"[16.5283714489, 17.6948697645]","[-0.731087813461, -0.281035171457]","[-0.123153869783, 0.571419485329]"
Russia,18.1629203825,-0.318792634926,0.51512772583,0.0904509477959,0.0345126887231,0.0783818879323,200.804091334,-9.23696897344,6.57202498458,"[17.9720855638, 18.3537552012]","[-0.391608043227, -0.245977226625]","[0.34975639765, 0.680499054009]"
Rwanda,13.5538231417,-0.727367153812,0.311399756589,0.224854561626,0.126145379441,0.107202118745,60.2781773415,-5.7661022309,2.90479106416,"[13.0794214848, 14.0282247986]","[-0.993510640428, -0.461223667196]","[0.0852230564847, 0.537576456694]"
Saudi Arabia,18.1371847963,-0.461804779975,0.510551747959,0.0535963384085,0.0252161159577,0.047366740985,338.403430811,-18.313874379,10.778696979,"[18.0245830677, 18.249786525]","[-0.51478187376, -0.40882768619]","[0.411037917849, 0.610065578068]"
Senegal,15.9974180826,-0.977844367414,0.386458507025,0.323112997893,0.0739673827501,0.169539551812,49.5102895486,-13.2199400744,2.27945929368,"[15.3185828638, 16.6762533014]","[-1.13324407209, -0.822444662736]","[0.0302691259299, 0.74264788812]"
Serbia,17.0147606996,-0.425489897868,0.405865811697,0.174768217124,0.207844356661,0.256993766826,97.3561496456,-2.04715636596,1.57928270677,"[16.6460319926, 17.3834894066]","[-0.864003159316, 0.0130233635797]","[-0.136343640959, 0.948075264352]"
Seychelles,12.8958366924,-0.670061758532,0.0907423568989,0.181481090298,0.0861997345059,0.0484081945644,71.0588451464,-7.77336220781,1.87452471044,"[12.51455907, 13.2771143149]","[-0.851160680618, -0.488962836445]","[-0.0109594859898, 0.192444199788]"
Sierra Leone,15.3516216294,-0.831260854045,0.33669950238,0.258483330163,0.116926098679,0.108760694627,59.3911476603,-7.10928409855,3.0957829346,"[14.8085683041, 15.8946749548]","[-1.07691347184, -0.58560823625]","[0.108201761927, 0.565197242833]"
Singapore,18.387819415,-0.372274195686,0.539287158062,0.0724393415917,0.0415218551909,0.126944170849,253.837472993,-8.96574090859,4.24822309252,"[18.2356300056, 18.5400088243]","[-0.459508376408, -0.285040014964]","[0.272587351645, 0.805986964479]"
Slovakia,16.083198633,-0.688627827028,-0.0302091642394,0.188513625579,0.10932030357,0.0959211806112,85.3158416725,-6.29917594938,-0.314937368858,"[15.6854696491, 16.4809276169]","[-0.919273506474, -0.457982147582]","[-0.232585165337, 0.172166836858]"
Slovenia,15.1191843306,-0.184680542287,0.754547856878,0.125872913096,0.108800719139,0.146244620063,120.114677247,-1.69742023535,5.15949138201,"[14.8536156977, 15.3847529635]","[-0.414229994406, 0.0448689098323]","[0.445998679296, 1.06309703446]"
Solomon Islands,12.7571352181,-0.873831687646,-0.0122618762362,0.121163900585,0.173974343055,0.0203106862638,105.28825134,-5.02276181823,-0.603715506061,"[12.5025793089, 13.0116911273]","[-1.23933821941, -0.508325155886]","[-0.0549330446602, 0.0304092921878]"
Somalia,13.7726173337,-1.18312204141,0.554874783191,0.475525652098,0.702628090977,0.0738301859222,28.9629324369,-1.68385246279,7.51555446136,"[12.7735750105, 14.7716596569]","[-2.65928888384, 0.293044801011]","[0.399763318352, 0.70998624803]"
South Africa,17.8938439325,-0.516590819797,0.489931280419,0.157540644562,0.0927562340123,0.209147067324,113.582396354,-5.56933801051,2.34252044117,"[17.5628633201, 18.2248245449]","[-0.711464436203, -0.321717203391]","[0.0505295970252, 0.929332963813]"
Spain,18.5502624706,-0.466476476588,0.998571422048,0.117132735545,0.0397967344574,0.179975135455,158.369582886,-11.7214762203,5.54838544516,"[18.3041757249, 18.7963492163]","[-0.55008631314, -0.382866640037]","[0.620457693276, 1.37668515082]"
Sri Lanka,16.5214868024,-1.10624884022,0.0454503492624,0.204686296053,0.0787506582758,0.140074776068,80.7161354764,-14.0474868965,0.324472046562,"[16.0914568517, 16.9515167531]","[-1.27169783387, -0.940799846561]","[-0.24883583506, 0.339736533585]"
Sudan,15.0732008118,-0.990145884261,0.182203572375,0.166004315504,0.0875379105295,0.136836001656,90.8000539991,-11.3110523003,1.33154703565,"[14.7244386866, 15.421962937]","[-1.17405620985, -0.806235558673]","[-0.105278199403, 0.469685344153]"
Suriname,15.8522982988,-0.580401913895,0.234136632063,0.370389164426,0.111515470376,0.174383496835,42.7990336147,-5.20467619371,1.34265361294,"[15.0741395398, 16.6304570578]","[-0.814687223435, -0.346116604354]","[-0.132229499892, 0.600502764019]"
Swaziland,13.1616303565,-0.726026686228,0.282425150426,0.144462854783,0.100012163486,0.115160274024,91.1073671937,-7.25938386813,2.45245292112,"[12.8581251609, 13.4651355521]","[-0.936144444788, -0.515908927668]","[0.0404823925701, 0.524367908283]"
Sweden,18.2382907009,-0.397234077608,-0.536600519549,0.189708146445,0.0885959968256,0.295964722561,96.1386795593,-4.48365718363,-1.81305567402,"[17.8397286748, 18.6368527269]","[-0.583367360016, -0.2111007952]","[-1.15839932831, 0.085198289213]"
Switzerland,18.9317939442,-0.253110474614,0.332579304958,0.175947542653,0.0951554124014,0.27853968209,107.599081287,-2.65996928841,1.19401049955,"[18.5621418739, 19.3014460144]","[-0.453024577776, -0.0531963714518]","[-0.252610852226, 0.917769462142]"
Syria,16.3751441137,-0.578049655182,0.392395279516,0.260484628373,0.10225498977,0.201687667987,62.8641475545,-5.65302149539,1.94555910846,"[15.8278862168, 16.9224020106]","[-0.792879416915, -0.363219893449]","[-0.0313347874029, 0.816125346434]"
Tajikistan,12.7143274965,-1.0991814825,-0.0133853586157,0.282927474492,0.154684058976,0.0238280870158,44.9384688403,-7.10597775735,-0.561747093119,"[12.1174027034, 13.3112522896]","[-1.42553631977, -0.772826645232]","[-0.0636582277915, 0.0368875105601]"
Tanzania,15.1846442369,-0.972568515998,0.072302729453,0.191963673758,0.0880921529853,0.0881787251983,79.1016547017,-11.0403535734,0.819956619813,"[14.7813435238, 15.58794495]","[-1.15764326178, -0.787493770219]","[-0.112953897796, 0.257559356702]"
Thailand,18.3538287273,-0.342736714077,0.181692851226,0.112801832753,0.0344653482295,0.107450198319,162.708603924,-9.94438564191,1.69094942651,"[18.1168408707, 18.5908165839]","[-0.415145723797, -0.270327704357]","[-0.044051638651, 0.407437341103]"
Togo,14.8102481026,-1.40646763398,-0.0556176127216,0.156572258503,0.120867981384,0.0379578220876,94.5904992635,-11.6363954943,-1.4652477319,"[14.4813019938, 15.1391942114]","[-1.66040184003, -1.15253342793]","[-0.135364037745, 0.0241288123017]"
Tonga,15.7333870979,-0.542122015715,-0.163770676462,0.316269853223,0.0918985715049,0.157406343132,49.7467176767,-5.89913430468,-1.04043250865,"[15.0689287926, 16.3978454032]","[-0.735193750057, -0.349050281374]","[-0.494469132021, 0.166927779097]"
Trinidad and Tobago,18.101843755,-0.511399577199,0.163187539454,0.158430372623,0.0622025991471,0.161836932628,114.257408193,-8.22151460247,1.00834547964,"[17.7689938933, 18.4346936167]","[-0.642082388708, -0.380716765691]","[-0.176819239229, 0.503194318136]"
Tunisia,14.9810860941,-0.912035038856,0.552087897335,0.105556558651,0.150679838122,0.137447930621,141.924730074,-6.05280076103,4.01670577972,"[14.7593199935, 15.2028521946]","[-1.22860163179, -0.595468445926]","[0.263320510508, 0.840855284161]"
Turkey,17.5538063596,-0.104346932954,1.1024700129,0.12612118579,0.0616370669789,0.144356432379,139.182059301,-1.69292502172,7.6371381221,"[17.2888355807, 17.8187771386]","[-0.233841605465, 0.025147739558]","[0.799188402459, 1.40575162333]"
Turkmenistan,12.8135261891,-1.18261713182,0.0204142236666,0.210086495642,0.104731125596,0.0150083418511,60.9916698833,-11.2919356599,1.36019180994,"[12.3702824279, 13.2567699503]","[-1.40358049209, -0.961653771555]","[-0.0112506097682, 0.0520790571014]"
Turks and Caicos Islands,15.4239860772,-0.729252549614,-0.118653204216,0.165596118653,0.189115018678,0.309508481305,93.1421956179,-3.85613239345,-0.383360106048,"[15.0760815417, 15.7718906126]","[-1.1265684605, -0.331936638732]","[-0.768906394231, 0.531599985799]"
Tuvalu,11.8934396343,-0.97894991436,0.0498029958357,0.332877007831,0.4118031996,0.0437773409965,35.7292313813,-2.37722755751,1.13764323511,"[11.1940909919, 12.5927882768]","[-1.84411633264, -0.113783496079]","[-0.042169784727, 0.141775776398]"
Uganda,14.7390804487,-0.988290582289,0.345147160691,0.30213765936,0.0987492064132,0.17625885936,48.7826657554,-10.0080863248,1.958183333,"[14.104312781, 15.3738481164]","[-1.1957549665, -0.780826198079]","[-0.0251589617256, 0.715453283108]"
Ukraine,17.0611252296,-0.505118066915,0.34540139124,0.149056296093,0.0712830114447,0.0857556407627,114.460949834,-7.0860932595,4.02773961185,"[16.7466439341, 17.375606525]","[-0.655512074896, -0.354724058935]","[0.164472804471, 0.526329978008]"
United Arab Emirates,17.5536541605,-0.663458999434,0.734316717782,0.0775745528919,0.0772523204282,0.151257935968,226.281087111,-8.58820804031,4.8547318399,"[17.3906760726, 17.7166322485]","[-0.825760102082, -0.501157896787]","[0.416535586345, 1.05209784922]"
United Kingdom,20.9840010864,-0.31278321758,0.758499510542,0.155096427422,0.0807387835636,0.462977847211,135.296482551,-3.87401449185,1.63830627126,"[20.6581555837, 21.3098465892]","[-0.482409107471, -0.143157327689]","[-0.214180852808, 1.73117987389]"
Uruguay,16.9314181355,-0.516196000692,0.0949123428937,0.30346187614,0.0663009162984,0.291483978458,55.794218209,-7.78565409819,0.325617700829,"[16.2938683915, 17.5689678794]","[-0.655489057032, -0.376902944353]","[-0.517472771825, 0.707297457613]"
Uzbekistan,14.9682716794,-1.1951622397,0.0963590753999,0.136501129432,0.122249955487,0.0871456124962,109.656760656,-9.77638179862,1.10572491993,"[14.6802794701, 15.2562638886]","[-1.45308710018, -0.937237379228]","[-0.0875020953844, 0.280220246184]"
Vanuatu,13.0067179329,-0.0810568005557,0.185029101625,0.30873239859,0.276227239881,0.0647531102253,42.1294233852,-0.293442459153,2.85745504705,"[12.3580952322, 13.6553406336]","[-0.661388696938, 0.499275095826]","[0.048987865179, 0.321070338072]"
Venezuela,18.5782685164,-0.198155848611,0.630472219447,0.144373421066,0.0771968088975,0.184223077888,128.682055043,-2.56689170758,3.42233028932,"[18.274951214, 18.8815858187]","[-0.36034032586, -0.0359713713618]","[0.243433894792, 1.0175105441]"
Vietnam,16.3209420449,-0.777677358741,0.778738894079,0.662476838986,0.129449717027,0.22779969691,24.6362455024,-6.00756321915,3.41852471554,"[14.9291298527, 17.7127542371]","[-1.04964112235, -0.505713595136]","[0.300149490081, 1.25732829808]"
Yemen,16.1696270115,-0.575151176439,0.35007157625,0.263307030098,0.0562540255986,0.126366136363,61.4097808385,-10.2241780978,2.77029579542,"[15.6164394687, 16.7228145544]","[-0.693336498671, -0.456965854207]","[0.0845861752245, 0.615556977275]"
Zambia,14.615610418,-0.741764575782,0.390806687076,0.200704454603,0.104025510043,0.152712590808,72.8215546931,-7.1306026327,2.55909931859,"[14.1939460058, 15.0372748303]","[-0.960314062579, -0.523215088985]","[0.0699694392265, 0.711643934926]"
Zimbabwe,15.4667332788,-0.732611459023,0.543269625727,0.117690206894,0.144927001516,0.175715414658,131.419033809,-5.05503771804,3.09175849362,"[15.2194753292, 15.7139912283]","[-1.03709179073, -0.428131127313]","[0.174105238263, 0.912434013192]"
