Country,Beta0 (Coeff),Beta1 (GDP),Beta2 (Price),e0 (Coeff),e1 (GDP),e2 (Price),t0 (Coeff),t1 (GDP),t2 (Price),95%% Coeff. Int (Coeff),95%% Coeff. Int (GDP),95%% Coeff. Int (Price)
Afghanistan,4.44433424024,1.38972099698,-3.32245975902,3.45645561382,0.645842573033,0.283654231081,1.28580683127,2.1517952749,-11.7130625775,"[-2.81740953995, 11.7060780204]","[0.0328561007693, 2.74658589319]","[-3.91839518491, -2.72652433314]"
Albania,10.5455424417,0.641155200144,-1.03882202077,2.24440221184,0.33399661327,0.231717829439,4.69859741984,1.91964581277,-4.48313374626,"[5.83022836763, 15.2608565157]","[-0.0605456460407, 1.34285604633]","[-1.52564311575, -0.552000925783]"
Algeria,13.854282918,0.215538108426,-1.09764552863,1.53623799809,0.208608549888,0.0985754071266,9.01831808299,1.03321799869,-11.1350849124,"[10.6267666487, 17.0817991872]","[-0.222732191817, 0.653808408668]","[-1.30474477409, -0.890546283172]"
Andorra,15.2235911763,-0.33558054369,-0.915084458875,5.93313762963,0.607846220282,0.227573424295,2.56585842544,-0.552081320066,-4.02105149892,"[2.7585315624, 27.6886507902]","[-1.61261806496, 0.941456977577]","[-1.39319848175, -0.436970436001]"
Angola,11.9125413408,0.453082463547,-1.03056681464,1.37679415228,0.20604620795,0.167087487021,8.65237647984,2.19893619036,-6.16782760349,"[9.02000416139, 14.8050785202]","[0.0201954439572, 0.885969483138]","[-1.38160459877, -0.679529030513]"
Antigua and Barbuda,-8.32008208083,2.82274032718,0.68218507822,17.2245653883,1.93086077484,0.610768658413,-0.483035820833,1.46190774807,1.11692875661,"[-44.5075511387, 27.867386977]","[-1.23384763133, 6.87932828569]","[-0.600992257728, 1.96536241417]"
Argentina,18.7084041038,-0.00174446744799,-0.490310799513,2.05739389993,0.228873238984,0.0654981450995,9.09325341364,-0.00762198086474,-7.48587305439,"[14.3859799139, 23.0308282936]","[-0.48258929965, 0.479100364754]","[-0.627917296147, -0.352704302878]"
Armenia,17.3720038588,-0.212702336065,-0.528687290957,2.11603964356,0.334137894749,0.21800675463,8.20967788182,-0.63657052794,-2.42509591895,"[12.9075504555, 21.8364572621]","[-0.917671671552, 0.492266999421]","[-0.988641337949, -0.0687332439647]"
Aruba,-12.24956341,2.95044950859,0.20790591017,14.6772061979,1.50962890947,0.33085262086,-0.834597759601,1.95442038112,0.628394327449,"[-43.0852294004, 18.5861025804]","[-0.221163139892, 6.12206215707]","[-0.487189653067, 0.903001473408]"
Australia,32.783024644,-1.39118973059,-0.965123579479,2.71301731705,0.278048968267,0.110600116022,12.0836031668,-5.00339828361,-8.726243825,"[27.083186767, 38.4828625209]","[-1.97534893629, -0.80703052489]","[-1.19748580088, -0.732761358076]"
Austria,20.5497033379,-0.26426070526,-0.27317517632,8.45437221574,0.837875263834,0.229639316242,2.43065987794,-0.315393849976,-1.1895836514,"[2.78772641348, 38.3116802624]","[-2.02457131402, 1.4960499035]","[-0.755629477119, 0.209279124479]"
Azerbaijan,12.7618922616,0.255362947002,-0.926239170858,0.729836256544,0.112789634981,0.132858292561,17.485966403,2.26406395451,-6.97163235357,"[11.2220723583, 14.3017121649]","[0.0173976181018, 0.493328275902]","[-1.20654566615, -0.645932675569]"
"Bahamas, The",8.34867118715,1.00292924935,-0.0678436502958,1.60923319035,0.167910886792,0.0455266786515,5.187980982,5.97298524538,-1.49019547011,"[4.96779770965, 11.7295446647]","[0.650161566491, 1.35569693221]","[-0.163491652894, 0.0278043523021]"
Bahrain,5.51012566846,1.15789885327,0.0526646317214,7.8459876699,0.838978878434,0.245389489872,0.702285792469,1.38012872914,0.214616492943,"[-10.9736827547, 21.9939340916]","[-0.604730363727, 2.92052807027]","[-0.462879555994, 0.568208819437]"
Bangladesh,18.0420119055,-0.0836028018122,-0.630148393309,3.45919042985,0.601495864376,0.117585747269,5.21567467053,-0.138991482342,-5.35905420466,"[10.77452249, 25.309501321]","[-1.34729872039, 1.18009311677]","[-0.877186881364, -0.383109905254]"
Barbados,-0.943081530534,2.01809920242,0.406567272415,7.17448242035,0.792407444997,0.265453337897,-0.131449416875,2.54679485303,1.53159600718,"[-16.0161097748, 14.1299467137]","[0.353312936378, 3.68288546847]","[-0.151129495828, 0.964264040659]"
Belarus,15.3028468578,0.0522729881278,-1.07013449966,1.63861780861,0.220896812192,0.162198164273,9.33887498195,0.236639848303,-6.59769797304,"[11.8456654791, 18.7600282365]","[-0.413778547329, 0.518324523584]","[-1.41234271334, -0.727926285978]"
Belgium,17.6711864524,0.0672069853372,-0.351054044669,4.56960898276,0.454867306682,0.108696684433,3.86711128219,0.147750749174,-3.2296665395,"[8.07079422525, 27.2715786796]","[-0.888433764656, 1.02284773533]","[-0.579417304696, -0.122690784641]"
Belize,2.07691621204,1.81375498014,-0.139110048968,4.76206818185,0.5916031798,0.144068329183,0.436137437082,3.06583034383,-0.965583829265,"[-7.92781778833, 12.0816502124]","[0.570842820621, 3.05666713966]","[-0.441786377048, 0.163566279113]"
Benin,14.5985307336,-0.0397407337897,-1.20032939896,3.5239999512,0.602129130827,0.218120288053,4.1426024222,-0.0660003506807,-5.50306168065,"[7.19488156637, 22.0021799009]","[-1.30476709582, 1.22528562824]","[-1.65858311955, -0.742075678364]"
Bermuda,4.4445051055,1.23258341294,0.386120936734,1.5543340824,0.147247045526,0.056179026337,2.85942716938,8.37085327276,6.87304429981,"[1.17897037389, 7.71003983711]","[0.923228849639, 1.54193797625]","[0.268093182104, 0.504148691365]"
Bhutan,3.53235572051,1.228999624,-0.584004119533,2.97293230799,0.446410062556,0.16841854738,1.18817226717,2.75307329983,-3.46757603968,"[-2.71354328948, 9.77825473051]","[0.29112688459, 2.16687236341]","[-0.937838357709, -0.230169881356]"
Bolivia,15.1115555912,0.294298985822,-0.739310194274,1.71108732598,0.252821417326,0.0808546629856,8.83155135438,1.16405876106,-9.1436927318,"[11.5166945153, 18.7064166672]","[-0.236859102083, 0.825457073727]","[-0.909179537797, -0.569440850751]"
Bosnia and Herzegovina,13.3559747249,0.377344129354,-0.764027619576,5.14189014934,0.759412394001,0.639511019633,2.59748348117,0.496889611408,-1.19470594895,"[2.50753478831, 24.2044146615]","[-1.22487596951, 1.97956422822]","[-2.11327793099, 0.585222691842]"
Botswana,9.61636237052,0.589016553057,-0.845943092264,3.44965940963,0.433976408284,0.16272757245,2.78762661139,1.35725477656,-5.19852339422,"[2.36889688549, 16.8638278555]","[-0.322734048052, 1.50076715417]","[-1.18782103578, -0.504065148749]"
Brazil,19.5598957713,-0.0107106498908,-0.607058798697,1.31041536492,0.160943005682,0.0802548902639,14.9264853686,-0.0665493343146,-7.56413468015,"[16.8068152493, 22.3129762934]","[-0.348839357752, 0.32741805797]","[-0.77566806649, -0.438449530905]"
Bulgaria,13.7442595941,0.332001972686,-0.874436417549,1.1631192624,0.161332660945,0.129906261364,11.8167242504,2.05787204365,-6.73128768672,"[11.3006367003, 16.1878824879]","[-0.0069453705033, 0.670949315875]","[-1.14735934521, -0.601513489883]"
Burundi,3.33583936228,2.03202016522,-0.635528467008,2.05435639171,0.409139756568,0.0649712415175,1.62378805145,4.96656737116,-9.78168882361,"[-0.980203259568, 7.65188198414]","[1.1724494331, 2.89159089733]","[-0.772027980294, -0.499028953722]"
Cambodia,16.7123310182,-0.163177354007,-0.989186241626,4.55066609889,0.785920834346,0.218546181348,3.67250214694,-0.20762568808,-4.52621151064,"[7.11126479324, 26.3133972432]","[-1.82132537325, 1.49497066524]","[-1.45027837951, -0.528094103741]"
Cameroon,15.2093198635,0.0753719587906,-1.22228305164,2.35712567153,0.358016984455,0.102523085146,6.45248577415,0.210526209826,-11.9220276087,"[10.2571825885, 20.1614571384]","[-0.676793814631, 0.827537732212]","[-1.43767606086, -1.00689004243]"
Canada,8.2008586823,1.39099926108,0.0678550072821,4.86662881328,0.508746344247,0.190856017338,1.68512105545,2.7341705288,0.355529829389,"[-2.02354905319, 18.4252664178]","[0.322162853557, 2.4598356686]","[-0.333118606056, 0.46882862062]"
Cape Verde,18.4159464601,-0.409528348752,-0.90975071491,2.65725087874,0.367025294862,0.159422009665,6.93045079312,-1.11580415433,-5.70655655903,"[12.8332695225, 23.9986233977]","[-1.18061988005, 0.361563182549]","[-1.24468392872, -0.574817501104]"
Cayman Islands,-9.30476060017,2.44114344788,0.150568986498,6.30539503716,0.589600862101,0.127521456696,-1.47568241884,4.14033222268,1.18073452421,"[-22.5519040062, 3.94238280582]","[1.20243800175, 3.67984889401]","[-0.117343652478, 0.418481625474]"
Central African Republic,3.01317906998,1.7241459036,-0.607981850036,3.59799349421,0.617201855642,0.135046999308,0.837460955622,2.79348788057,-4.50200191898,"[-4.54592476265, 10.5722829026]","[0.427452921806, 3.0208388854]","[-0.89170506735, -0.324258632722]"
Chad,7.94971565989,0.946344968005,-0.804778427774,0.883932988853,0.155551635824,0.0809780779216,8.99357277094,6.08379952413,-9.93822585606,"[6.09264136151, 9.80678995826]","[0.619543107906, 1.2731468281]","[-0.974907056456, -0.634649799093]"
Chile,27.2045431377,-1.09739768026,-0.962195774415,3.17856984253,0.383830933972,0.16773789036,8.55873694316,-2.85906523714,-5.73630544864,"[20.5266156991, 33.8824705763]","[-1.90379654916, -0.290998811349]","[-1.31460000526, -0.609791543574]"
China,18.3222330819,0.153099920017,-0.49548247273,1.68919373328,0.261071585851,0.167295940691,10.8467328057,0.58642888891,-2.96171246405,"[14.7733687374, 21.8710974264]","[-0.395391128779, 0.701590968813]","[-0.846958201771, -0.144006743689]"
Colombia,16.326237026,0.374258812903,-0.662665486028,1.76383820442,0.232121555006,0.0870347522862,9.25608538529,1.61233976264,-7.61380332134,"[12.6205504669, 20.031923585]","[-0.113410478025, 0.86192810383]","[-0.845518715373, -0.479812256683]"
Comoros,-12.4222540457,3.97668680984,-1.33761577032,5.88211811366,0.927626431399,0.186679066468,-2.11186749495,4.28694857675,-7.16532279502,"[-24.780125634, -0.0643824574276]","[2.02781599501, 5.92555762468]","[-1.72981393551, -0.945417605122]"
Congo,11.1419322585,0.450380121623,-1.10758690457,1.68854199297,0.244127636584,0.133580064884,6.5985520673,1.84485512548,-8.29155836637,"[7.59443716954, 14.6894273474]","[-0.0625130107078, 0.963273253953]","[-1.38822820702, -0.826945602116]"
Costa Rica,26.5138680382,-1.05545563654,-0.969992483775,3.99517387158,0.494778218924,0.15203947785,6.63647412864,-2.13318936884,-6.37987250083,"[18.1203191968, 34.9074168796]","[-2.09494610171, -0.0159651713716]","[-1.28941557378, -0.650569393773]"
Cote d'Ivoire,14.0470019143,0.344077218229,-0.633178361593,2.02302398445,0.3022840636,0.0707972337808,6.94356667162,1.13825788277,-8.94354662999,"[9.79678623744, 18.2972175912]","[-0.290998033403, 0.979152469861]","[-0.781917830432, -0.484438892755]"
Croatia,17.6657447953,-0.092123327918,-0.327503373292,5.08692187286,0.612123658939,0.306980169816,3.47277690455,-0.150497904423,-1.06685514406,"[6.93327778473, 28.3982118059]","[-1.38359135911, 1.19934470327]","[-0.975174917655, 0.320168171071]"
Cuba,6.00328557669,1.50191822403,-0.179565853324,3.5597271964,0.44257521913,0.592145020034,1.68644540592,3.39358861298,-0.303246413038,"[-1.47542374748, 13.4819949009]","[0.572102191694, 2.43173425636]","[-1.42361637693, 1.06448467028]"
Cyprus,17.2425839085,-0.115741268315,-0.255232453281,4.80299956427,0.50886299776,0.160475190278,3.58996158084,-0.22745074573,-1.59047920641,"[7.1518562647, 27.3333115524]","[-1.18482275577, 0.953340219142]","[-0.592378317447, 0.0819134108854]"
Czech Republic,19.3521122194,-0.266493550025,-0.595955027668,3.88787097952,0.456585882132,0.285162235529,4.97756029492,-0.583665769035,-2.08988061326,"[11.1839983889, 27.5202260499]","[-1.22574489306, 0.692757793009]","[-1.19505865334, 0.00314859800018]"
Denmark,14.4691594122,0.315605491061,-0.203700409581,6.09462912802,0.594755157866,0.162160241771,2.37408365764,0.530647757966,-1.2561674018,"[1.66481875008, 27.2735000744]","[-0.933928728647, 1.56513971077]","[-0.544386435568, 0.136985616407]"
Djibouti,15.8888566897,-0.299971323972,-1.03728743805,3.28335110017,0.489852512632,0.152843859572,4.83921950621,-0.612370695743,-6.78658233933,"[8.99079199748, 22.7869213819]","[-1.32911326423, 0.729170616285]","[-1.35840047134, -0.716174404757]"
Dominica,18.4168430016,-0.287797706482,-0.779690085901,8.83581956949,1.08522252101,0.314197303465,2.08433896332,-0.265196953537,-2.4815301637,"[-0.146525075566, 36.9802110787]","[-2.56776561944, 1.99217020647]","[-1.43979412573, -0.119586046067]"
Dominican Republic,19.4296762858,-0.00121272175762,-0.713774461969,1.74185418273,0.233580369052,0.0845763873621,11.1545940403,-0.00519188218829,-8.43940589366,"[15.7701764424, 23.0891761292]","[-0.491946867267, 0.489521423752]","[-0.891462858262, -0.536086065676]"
Ecuador,21.2148008814,-0.349956486814,-0.903077816155,1.5189249492,0.201918417341,0.0856172422989,13.9669842756,-1.73315783385,-10.5478498478,"[18.0236579781, 24.4059437846]","[-0.774171340138, 0.074258366509]","[-1.08295296753, -0.723202664784]"
Egypt,22.4276655846,-0.595542614158,-0.799115947586,2.47940848945,0.356785515214,0.131899516964,9.04557102231,-1.66918943949,-6.05852065254,"[17.2186216424, 27.6367095269]","[-1.34512116671, 0.154035938394]","[-1.07622654987, -0.522005345299]"
El Salvador,23.0089343072,-0.563430821475,-0.997096461215,2.97175075461,0.400526841184,0.134269246835,7.74255185149,-1.40672425301,-7.42609707521,"[16.7655176488, 29.2523509657]","[-1.40490648983, 0.278044846877]","[-1.27918568122, -0.715007241212]"
Equatorial Guinea,10.7915354465,0.285963589145,-1.11273297816,2.45549421631,0.338390083863,0.509492786861,4.39485272449,0.845070830329,-2.18400143605,"[5.63273352781, 15.9503373653]","[-0.424967596242, 0.996894774533]","[-2.18313760342, -0.0423283529032]"
Estonia,10.8957186459,0.476438680091,-0.688782679966,1.35326224743,0.161612563488,0.119886800016,8.0514465445,2.94802996628,-5.74527537539,"[8.04058487538, 13.7508524164]","[0.13546597607, 0.817411384112]","[-0.941721718217, -0.435843641716]"
Ethiopia,14.0958104682,0.554537886301,-1.14543627346,0.778015618981,0.156196992222,0.0790678465054,18.1176445874,3.55024689279,-14.4867518731,"[12.4612603066, 15.7303606297]","[0.226380182722, 0.88269558988]","[-1.31155165486, -0.979320892063]"
Fiji,32.1866726536,-2.05990393647,-1.23411576515,6.33421431965,0.808923564758,0.22336165843,5.08139937006,-2.54647537322,-5.52519073251,"[18.8789821819, 45.4943631254]","[-3.75938928254, -0.360418590405]","[-1.70338119629, -0.764850334014]"
Finland,28.395799936,-1.14673118452,-0.718545696254,5.49207804118,0.552679165034,0.180456575576,5.17031981757,-2.07485871924,-3.98182052363,"[16.8573721325, 39.9342277394]","[-2.30786702352, 0.0144046544869]","[-1.09767089319, -0.33942049932]"
France,27.6749447686,-0.794102905519,-0.429460335729,4.9621962984,0.497621571581,0.12763128048,5.57715638487,-1.5957967879,-3.36485173629,"[17.2497571973, 38.1001323399]","[-1.83956703295, 0.251361221914]","[-0.697603705914, -0.161316965544]"
French Polynesia,40.7520350251,-2.61432003616,-0.94989727733,7.34371247607,0.752879365959,0.196856023513,5.54924163466,-3.47242885696,-4.82534016677,"[25.323467627, 56.1806024233]","[-4.19606088975, -1.03257918258]","[-1.36347643588, -0.536318118776]"
Gabon,13.2458498112,0.164212737852,-0.860886827821,2.36533637417,0.278683140453,0.0949886998048,5.59998567472,0.58924532566,-9.06304465258,"[8.27646249016, 18.2152371323]","[-0.421278814169, 0.749704289874]","[-1.06045068081, -0.661322974827]"
"Gambia, The",15.6084521453,0.0225599855855,-0.761756274154,8.09631250098,1.22854615435,0.368655629924,1.92784704684,0.0183631567326,-2.06630853382,"[-1.40126923266, 32.6181735233]","[-2.55851970753, 2.6036396787]","[-1.53627301232, 0.0127604640121]"
Georgia,16.2858611185,-0.185338342265,-0.894296077911,3.44896141793,0.521378690205,0.246691089591,4.72196094566,-0.355477402024,-3.6251657058,"[9.00918859165, 23.5625336454]","[-1.28535122481, 0.914674540281]","[-1.41476878164, -0.373823374179]"
Germany,28.959171938,-0.839079802764,-0.350954485394,5.3760041074,0.532727482583,0.10617441406,5.3867466169,-1.57506385572,-3.3054525283,"[17.6646064203, 40.2537374556]","[-1.95829871236, 0.280139106836]","[-0.574018652002, -0.127890318787]"
Ghana,16.7759644273,0.0505579229643,-1.15671402123,0.655265859772,0.109095633387,0.0669095626327,25.6017678582,0.463427557956,-17.2877235438,"[15.3993019403, 18.1526269143]","[-0.178643497713, 0.279759343642]","[-1.29728579607, -1.01614224639]"
Greece,20.7556485,-0.24271055035,-0.354764149165,4.10028454972,0.439587546191,0.138337086271,5.06200197774,-0.552132453372,-2.56449054068,"[12.1412703182, 29.3700266818]","[-1.16624971476, 0.680828614057]","[-0.645399582694, -0.064128715637]"
Greenland,10.9389110346,0.118277891777,-0.915034877818,7.20558553638,0.716716537543,0.428163295842,1.5181154924,0.165027434951,-2.13711657843,"[-4.19946243164, 26.0772845008]","[-1.38748767855, 1.62404346211]","[-1.81457258287, -0.015497172762]"
Grenada,-8.23030140688,3.11529517492,1.14544555367,7.95411645585,0.992897986506,0.496259554802,-1.03472226646,3.13757829833,2.30815818573,"[-24.9412799796, 8.48067716586]","[1.02929391135, 5.20129643848]","[0.102842917301, 2.18804819003]"
Guatemala,25.6963385404,-0.964023797142,-1.49690464553,2.96610479524,0.407614352069,0.123367880393,8.66332793824,-2.36503889583,-12.1336659167,"[19.4647836024, 31.9278934783]","[-1.82038977332, -0.107657820961]","[-1.75609094451, -1.23771834656]"
Guinea,9.2377910537,0.982231032367,-1.40267570078,4.22415881512,0.691886033691,0.108285833921,2.18689482522,1.41964280899,-12.9534552212,"[0.363162697535, 18.1124194099]","[-0.471367585148, 2.43582964988]","[-1.63017579591, -1.17517560565]"
Guinea-Bissau,14.1793901625,-0.0161481171167,-1.09095115965,3.30504207439,0.577048755399,0.266481929652,4.29022984984,-0.0279839735649,-4.0939029565,"[7.23575442452, 21.1230259005]","[-1.22848256563, 1.1961863314]","[-1.65080891899, -0.531093400323]"
Guyana,16.8211493632,0.146109130758,-0.357019244458,1.74491001965,0.255642815267,0.162556098337,9.64012423206,0.571536229583,-2.19628330225,"[13.1552294447, 20.4870692817]","[-0.390976494266, 0.683194755782]","[-0.69853693423, -0.0155015546854]"
Haiti,12.131966302,1.01091100501,-0.696253836524,1.59916633339,0.274842652814,0.121649761417,7.58643178554,3.67814454801,-5.72342952762,"[8.77224250619, 15.4916900979]","[0.433488018112, 1.5883339919]","[-0.951830501476, -0.440677171572]"
Honduras,22.4673612032,-0.604990096663,-0.988375703611,7.28757845905,1.10436939943,0.555927048413,3.08296663006,-0.547814976562,-1.77788741604,"[7.15672699858, 37.7779954078]","[-2.92518410849, 1.71520391516]","[-2.15633509239, 0.179583685166]"
Hong Kong,-0.839529200128,2.01839167253,0.26678202969,14.8239798864,1.48372665634,0.213577151082,-0.0566331853226,1.36035277381,1.24911315812,"[-31.9835552676, 30.3044968674]","[-1.09880236148, 5.13558570653]","[-0.181926914311, 0.715490973691]"
Hungary,23.5759217658,-0.751576532708,-0.729057399022,4.49555708442,0.541846603274,0.255621922406,5.24427147138,-1.38706513645,-2.85209262241,"[14.131106804, 33.0207367276]","[-1.88995400396, 0.386800938541]","[-1.26609912977, -0.19201566827]"
Iceland,4.90432303959,1.1039111159,0.0989320676656,4.5312658351,0.443853498865,0.121384207016,1.08232957811,2.48710693669,0.815032450247,"[-4.61551322357, 14.4241593028]","[0.171409517499, 2.03641271431]","[-0.156086688192, 0.353950823523]"
India,24.6353783602,-0.793910099907,-1.34505124818,6.2362697366,1.04282473324,0.354268575983,3.9503388084,-0.761307317136,-3.79669928231,"[11.5334618217, 37.7372948987]","[-2.98480356608, 1.39698336627]","[-2.08934190763, -0.600760588731]"
Indonesia,21.1375703725,-0.445975384756,-0.510063334197,1.50530684049,0.224463812073,0.101883687894,14.0420343573,-1.98684759311,-5.00632971518,"[17.975038054, 24.300102691]","[-0.917556354776, 0.0256055852641]","[-0.724113019635, -0.296013648759]"
Iran,16.6772879401,0.166427653677,-0.180590486405,2.86485154021,0.390196359176,0.188772149821,5.82134456393,0.426522825658,-0.956658524979,"[10.6584581972, 22.6961176829]","[-0.653344477337, 0.986199784691]","[-0.577186056547, 0.216005083738]"
Iraq,12.4577688267,0.556137251227,-0.506815211977,1.82836168195,0.295090590263,0.308627919332,6.81362388505,1.88463227761,-1.64215607283,"[8.61652347151, 16.2990141818]","[-0.0638250737238, 1.17609957618]","[-1.15521840993, 0.141587985981]"
Ireland,-0.110138262979,1.90807822608,0.46132069427,3.198186356,0.327845504348,0.157694453204,-0.0344377252353,5.82005304565,2.92540850295,"[-6.8292784671, 6.60900194115]","[1.2193003802, 2.59685607196]","[0.130016941911, 0.79262444663]"
Israel,26.7823067449,-0.785074893764,-0.433066025501,4.23523613491,0.438574882771,0.105721625732,6.32368677725,-1.79005894912,-4.09628609572,"[17.8844058034, 35.6802076863]","[-1.70648653127, 0.136336743747]","[-0.655178919131, -0.210953131871]"
Italy,28.1535422453,-0.854529465963,-0.441209713693,9.76472750824,0.990542398799,0.253101498587,2.88318769997,-0.862688429085,-1.74321256949,"[7.63861100628, 48.6684734843]","[-2.93558182339, 1.22652289147]","[-0.972956230494, 0.090536803107]"
Jamaica,16.8655423635,0.286924633749,-0.472739112094,3.45372488603,0.444907670575,0.189878463746,4.88329062682,0.644908264626,-2.48969315829,"[9.60953562957, 24.1215490975]","[-0.647791697233, 1.22164096473]","[-0.871658961545, -0.0738192626442]"
Japan,40.9123675559,-1.9775838371,-0.141917456991,6.14964473691,0.58859645772,0.070101564444,6.65280179688,-3.35982966115,-2.02445491932,"[27.9924433885, 53.8322917233]","[-3.21417910793, -0.740988566265]","[-0.289195378787, 0.00536046480489]"
Jordan,21.1444563416,-0.509163977213,-0.463903112253,2.89341088511,0.395873128924,0.162478110577,7.30779594782,-1.28617968741,-2.85517298672,"[15.0656256416, 27.2232870416]","[-1.34086255891, 0.322534604482]","[-0.805256955821, -0.122549268685]"
Kazakhstan,20.6633912984,-0.716137057454,-1.20136723748,1.91594548945,0.264462406845,0.184662050325,10.7849578248,-2.70789737566,-6.50576139148,"[16.6210996585, 24.7056829383]","[-1.27410396317, -0.158170151742]","[-1.59097010789, -0.811764367066]"
Kenya,16.2824448458,0.111994771747,-0.613635952234,2.15179731283,0.366864949702,0.136152093995,7.56690453545,0.305275202328,-4.50698872288,"[11.7616864451, 20.8032032464]","[-0.658759886873, 0.882749430368]","[-0.899680887334, -0.327591017134]"
Kiribati,19.2238112088,-1.00859361004,-1.44879678754,5.75562719131,0.846354683978,0.413940050739,3.34000284761,-1.19169141394,-3.50001596837,"[7.13168718711, 31.3159352304]","[-2.78671881947, 0.769531599386]","[-2.31845256347, -0.5791410116]"
"Korea, South",23.7069109396,-0.445040115379,-0.189746254421,4.80782320326,0.521024515353,0.153431235107,4.93090322528,-0.854163484183,-1.23668596091,"[13.6060492062, 33.8077726729]","[-1.53967200319, 0.649591772432]","[-0.512093317918, 0.132600809076]"
Kuwait,14.7584845152,0.272694577096,-0.136622520514,4.23781166685,0.43758508609,0.198097465481,3.48257206205,0.623180692771,-0.689673238281,"[5.85517258192, 23.6617964485]","[-0.646637574751, 1.19202672894]","[-0.55280985186, 0.279564810832]"
Kyrgyzstan,13.528914785,-0.0510605435709,-1.21873974458,2.52057682314,0.425216557945,0.161153799124,5.36738839333,-0.120081268278,-7.56258773421,"[8.21096253842, 18.8468670316]","[-0.948189061476, 0.846067974334]","[-1.5587445404, -0.87873494876]"
Laos,13.4311050401,0.18177466643,-0.832554369881,2.11772674939,0.35793210562,0.102726657304,6.3422276004,0.507846777576,-8.10456011837,"[8.98192623708, 17.8802838431]","[-0.570212783176, 0.933762116036]","[-1.04837506833, -0.61673367143]"
Latvia,12.3018892711,0.394189330624,-0.562162128249,1.2615248428,0.155597463801,0.117445895835,9.75160286489,2.53339174685,-4.78656256356,"[9.64030450599, 14.9634740363]","[0.0659073776259, 0.722471283622]","[-0.809951308836, -0.314372947663]"
Lebanon,13.2798186461,0.508447351601,-0.746684767342,2.73234941653,0.328619586621,0.109574898756,4.86021976754,1.54722168824,-6.81437788963,"[7.53936553523, 19.0202717569]","[-0.181956780786, 1.19885148399]","[-0.976893087196, -0.516476447488]"
Lesotho,13.661094366,-0.11547558914,-0.854246719882,2.29326230087,0.375641810066,0.170400257503,5.95705705396,-0.307408776249,-5.01317740009,"[8.84312905404, 18.479059678]","[-0.904669747145, 0.673718568864]","[-1.21224437653, -0.496249063232]"
Liberia,9.43321092642,1.28959031609,-0.0340686368785,2.96076040694,0.631985907929,0.373630615223,3.18607709841,2.0405365055,-0.0911826694344,"[3.21288413161, 15.6535377212]","[-0.0381628070013, 2.61734343918]","[-0.81903743131, 0.750900157553]"
Libya,0.710860642263,1.53646519353,-1.43562360595,3.26128308983,0.371799421011,0.166058794354,0.217969621981,4.13251099035,-8.6452729681,"[-6.14084088063, 7.56256216515]","[0.755343595384, 2.31758679168]","[-1.78450018698, -1.08674702491]"
Liechtenstein,-36.019471983,4.37085576885,-0.386998033565,9.53513822589,0.834559435248,0.22128015598,-3.77755110935,5.23732113525,-1.74890528186,"[-56.0520540385, -15.9868899275]","[2.61751145745, 6.12420008025]","[-0.851890390331, 0.077894323201]"
Lithuania,18.9873402977,-0.43257449472,-1.347066732,2.53773487432,0.312391630824,0.222166994978,7.48200313981,-1.3847185777,-6.06330716285,"[13.6331877274, 24.3414928679]","[-1.09166322382, 0.226514234376]","[-1.81579811888, -0.878335345113]"
Luxembourg,19.9893444239,-0.377914933578,-0.598430815605,4.13938371796,0.390078432957,0.141851905176,4.82906291997,-0.968817811108,-4.21870129175,"[11.2928219379, 28.68586691]","[-1.1974393108, 0.441609443645]","[-0.89645060964, -0.30041102157]"
Macau,23.0583577166,-0.834685303624,-0.734416735059,2.08756096892,0.217366349823,0.099098927961,11.0455972592,-3.83999319262,-7.41094530657,"[18.6725548667, 27.4441605666]","[-1.29135505877, -0.378015548474]","[-0.942615856976, -0.526217613141]"
Madagascar,-4.08328904947,3.16850635184,-0.91297980148,4.01634602351,0.708748014221,0.167614380962,-1.01666764406,4.47056822491,-5.44690614396,"[-12.5213189315, 4.35474083256]","[1.67948202779, 4.6575306759]","[-1.26512454871, -0.560835054254]"
Malawi,12.1322761241,0.37684063249,-0.989995415767,1.85009690713,0.35753129839,0.0917084705714,6.5576435901,1.05400739512,-10.795026998,"[8.24536675532, 16.0191854928]","[-0.374304752374, 1.12798601735]","[-1.18266776287, -0.797323068666]"
Malaysia,25.9873975893,-0.987402755135,-0.796859990451,2.72041675631,0.331511021988,0.106708738401,9.55272662875,-2.97849148187,-7.46761701422,"[20.2720140673, 31.7027811112]","[-1.68388156781, -0.290923942458]","[-1.02104673085, -0.572673250058]"
Maldives,-6.31290998325,2.50117015922,-0.0894548663242,2.83090759082,0.363452300501,0.205169890016,-2.22999507427,6.88170127351,-0.436003871315,"[-12.2604261347, -0.365393831806]","[1.73758521052, 3.26475510792]","[-0.520500810253, 0.341591077604]"
Mali,10.1931796614,0.910965477021,-0.900201173453,1.71864339674,0.293408038218,0.0764946606268,5.93094511679,3.10477341573,-11.7681569678,"[6.58244386987, 13.8039154529]","[0.294538062744, 1.5273928913]","[-1.06091049192, -0.739491854982]"
Malta,33.3818167139,-2.02649536729,-1.11126451806,4.72954109382,0.517889837098,0.179804816461,7.05815131992,-3.9129853921,-6.18039349519,"[23.4454195897, 43.3182138382]","[-3.11454154046, -0.938449194109]","[-1.48902041991, -0.733508616216]"
Marshall Islands,20.7712028647,-0.808759009123,-0.739222273,6.6853654158,0.867782300309,0.168496518854,3.10696597311,-0.931983757717,-4.38716644134,"[6.72577131557, 34.8166344138]","[-2.63190196997, 1.01438395173]","[-1.09322032316, -0.385224222835]"
Mauritania,15.6448983628,-0.270647018906,-1.44814708892,2.55417960277,0.397745281178,0.125426828795,6.12521466613,-0.680453123426,-11.5457522352,"[10.2787661406, 21.011030585]","[-1.10627884653, 0.564984808723]","[-1.71165907797, -1.18463509987]"
Mauritius,27.903836337,-1.59615356957,-1.19228557751,9.24683646008,1.12681205338,0.331913736039,3.01766300913,-1.41652156168,-3.59215497298,"[8.47695381553, 47.3307188585]","[-3.96349784772, 0.771190708585]","[-1.88961046102, -0.49496069401]"
Mexico,15.6171505251,0.684349931761,-0.483084107965,3.84149534251,0.455058432915,0.115933490187,4.06538317314,1.50387265077,-4.16690731198,"[7.54646829259, 23.6878327577]","[-0.271692359548, 1.64039222307]","[-0.726651332702, -0.239516883228]"
"Micronesia, Federated States of",9.97416768322,0.686647447032,-0.662343568932,6.17874747413,0.808467025497,0.133308339507,1.61427016155,0.849320288122,-4.96850813221,"[-3.00689906626, 22.9552344327]","[-1.01187874564, 2.38517363971]","[-0.94241399755, -0.382273140313]"
Moldova,17.4278132842,-0.324721459723,-0.755220737784,1.62989605568,0.260152441248,0.140104854875,10.6925918518,-1.24819685783,-5.39039663157,"[13.9890331956, 20.8665933727]","[-0.87359513288, 0.224152213433]","[-1.05081614313, -0.459625332439]"
Mongolia,14.3961020763,-0.0684753591241,-0.819213058252,1.95938918723,0.305017905618,0.144325003499,7.34723972662,-0.224496194692,-5.676168636,"[10.2621522461, 18.5300519066]","[-0.712006887916, 0.575056169667]","[-1.12371219891, -0.514713917598]"
Morocco,9.82642704609,0.959313592988,-1.07614417034,2.47559674482,0.347802636375,0.1521420037,3.96931651596,2.75821253969,-7.07328774545,"[4.62539128214, 15.02746281]","[0.228607368574, 1.6900198174]","[-1.39578265916, -0.756505681521]"
Mozambique,19.4261098924,-0.966275662717,-1.22090060133,2.79678526597,0.52932634647,0.193386354817,6.94587107877,-1.8254818963,-6.31327170155,"[13.5502820853, 25.3019376995]","[-2.0783490505, 0.145797725063]","[-1.62719025645, -0.814610946215]"
Namibia,18.1086297097,-0.525347197184,-0.936476148266,1.69955426127,0.220774967901,0.0944270243044,10.6549288378,-2.37955961302,-9.91745906603,"[14.5379987036, 21.6792607158]","[-0.98917819318, -0.0615162011873]","[-1.13485996482, -0.73809233171]"
Nepal,14.2749541643,0.245390694,-1.17248270277,3.22295577063,0.595542212603,0.227263376582,4.42914987986,0.412045844622,-5.15913615474,"[7.50377535103, 21.0461329775]","[-1.00579706635, 1.49657845435]","[-1.64994533957, -0.695020065972]"
Netherlands,28.205155737,-0.937919515595,-0.686233902118,8.12855271761,0.815766103646,0.242141801476,3.46988654892,-1.1497407301,-2.83401667096,"[11.1277001774, 45.2826112967]","[-2.65178050243, 0.775941471237]","[-1.1949549497, -0.177512854534]"
New Caledonia,18.6005126097,-0.541766897607,-0.805742710568,4.51076724138,0.465763991308,0.2249740766,4.12358067138,-1.16317900851,-3.58149135555,"[9.12374229384, 28.0772829255]","[-1.5203007325, 0.436766937283]","[-1.27839570658, -0.333089714556]"
New Zealand,29.7208290229,-1.25923685889,-0.900874051433,5.55957012657,0.581840752966,0.195494298888,5.34588616498,-2.16422939175,-4.6081857965,"[18.0406056097, 41.401052436]","[-2.48163892071, -0.0368347970728]","[-1.31159233271, -0.490155770158]"
Nicaragua,16.7103623739,0.136116883839,-0.871249558283,1.81619961063,0.27420343923,0.127271251261,9.20073007175,0.496408375551,-6.84561163384,"[12.8946685824, 20.5260561653]","[-0.43996316515, 0.712196932827]","[-1.13863653515, -0.60386258142]"
Niger,6.06832134429,1.45722065841,-1.07071156354,1.69514009282,0.31690138029,0.0832567258152,3.579834711,4.59834115292,-12.8603611667,"[2.50696416199, 9.62967852659]","[0.791435563972, 2.12300575284]","[-1.2456274538, -0.895795673273]"
Nigeria,17.5437474319,0.0588856571798,-0.82442831367,2.03260977569,0.378162935085,0.328258678644,8.63114388293,0.15571504163,-2.51152023482,"[13.2733927549, 21.8141021088]","[-0.735605187944, 0.853376502303]","[-1.51407420653, -0.134782420806]"
Norway,25.5608222973,-0.785741544708,-0.894291938281,2.21683054366,0.217381563935,0.110466024656,11.5303455965,-3.61457305985,-8.09562886929,"[20.9034341486, 30.2182104459]","[-1.24244326352, -0.329039825895]","[-1.12637244418, -0.662211432384]"
Oman,14.9331015845,0.0481135393239,-0.935978884756,2.85931359954,0.323754444015,0.184718972816,5.22261761946,0.148611208937,-5.06704249426,"[8.92590662329, 20.9402965458]","[-0.632069307734, 0.728296386381]","[-1.324059046, -0.547898723516]"
Pacific Islands (Palau),31.8889656607,-1.95470048528,-1.22446129144,8.28578099977,0.933783879055,0.281283021109,3.84863728134,-2.09331144939,-4.35312905347,"[14.4811857377, 49.2967455837]","[-3.91650761761, 0.00710664704593]","[-1.81541499003, -0.633507592844]"
Pakistan,37.3732352114,-3.00353334554,-1.21190148875,4.34609618922,0.708861288695,0.205021316385,8.59926554414,-4.23712423495,-5.9110999291,"[28.2424259385, 46.5040444844]","[-4.49279565044, -1.51427104065]","[-1.64263529106, -0.781167686435]"
Panama,20.8638230896,-0.354401698306,-0.401868658782,1.84810172362,0.229880555553,0.0860780105468,11.2893261356,-1.54167757883,-4.66865644581,"[16.9811054459, 24.7465407334]","[-0.837362824091, 0.128559427479]","[-0.58271184832, -0.221025469244]"
Papua New Guinea,11.4167557312,0.444286068941,-0.867554536399,1.85160386907,0.268680563394,0.156444932387,6.16587377132,1.65358470047,-5.54543073502,"[7.52668035284, 15.3068311095]","[-0.120190848477, 1.00876298636]","[-1.19623314294, -0.538875929862]"
Paraguay,18.4266662422,-0.276678695945,-0.604517912606,1.39864295772,0.189852690539,0.0521518331889,13.1746748808,-1.45733355245,-11.5914988149,"[15.4882264259, 21.3651060585]","[-0.675544397897, 0.122187006007]","[-0.714084848392, -0.494950976821]"
Peru,18.3319528221,0.0298934536555,-0.677638869353,2.51764347081,0.337304740164,0.10023588482,7.28139350731,0.0886244694958,-6.76044183748,"[13.0425801648, 23.6213254794]","[-0.678757509234, 0.738544416545]","[-0.888226648994, -0.467051089712]"
Philippines,24.2223015509,-0.64440511077,-1.04724450732,1.68159823645,0.244833711132,0.0831820998225,14.4043333454,-2.63201136718,-12.5897820511,"[20.6893947531, 27.7552083487]","[-1.15878165068, -0.130028570858]","[-1.22200361419, -0.87248540045]"
Poland,14.7835697478,0.481620776518,-0.350736344404,2.13287360228,0.265996657796,0.118106015608,6.93129200529,1.81062717294,-2.96967383581,"[10.3025685877, 19.2645709079]","[-0.0772174644765, 1.04045901751]","[-0.598867875681, -0.102604813127]"
Portugal,26.1015846952,-0.892820068884,-0.602158558005,6.56685480878,0.708234270278,0.180591455861,3.97474673268,-1.2606281655,-3.33436903277,"[12.3051346923, 39.898034698]","[-2.38076505697, 0.595124919197]","[-0.981567127902, -0.222749988109]"
Qatar,8.34967648432,0.728630714156,-0.566131959158,1.85533975882,0.187271865598,0.136982305299,4.50034903021,3.89076443399,-4.13288386351,"[4.45175229288, 12.2476006758]","[0.335187124204, 1.12207430411]","[-0.853921103485, -0.278342814831]"
Romania,23.1411231578,-0.802147448937,-1.00266177233,2.6539824603,0.364717123175,0.235498030669,8.71939566441,-2.19936876545,-4.25762274732,"[17.5653129125, 28.716933403]","[-1.56838969147, -0.0359052064058]","[-1.49742477539, -0.507898769259]"
Russia,21.5283704407,-0.395092340755,-0.593180825592,1.09864013995,0.141937451785,0.0825749533352,19.5954704893,-2.78356653431,-7.18354418179,"[19.210442359, 23.8462985224]","[-0.69455418761, -0.0956304939007]","[-0.767398748478, -0.418962902707]"
Rwanda,12.3731204014,0.267953290369,-0.81784765912,2.39492260719,0.436387664803,0.162364036674,5.1663967613,0.614025812324,-5.03712321937,"[7.32027537701, 17.4259654257]","[-0.652744202806, 1.18865078354]","[-1.16040583298, -0.475289485266]"
Saudi Arabia,30.8657489517,-1.38569886613,-1.00488337571,2.7287573156,0.304167533078,0.120960781255,11.3112839956,-4.55570932277,-8.30751393372,"[25.1328425649, 36.5986553385]","[-2.0247311403, -0.746666591958]","[-1.25901254706, -0.750754204368]"
Senegal,15.5561158942,0.179545580879,-0.938499232831,2.18760184004,0.343362411945,0.111455776674,7.11103620846,0.522904006474,-8.42037318149,"[10.9601349732, 20.1520968153]","[-0.541832078167, 0.900923239924]","[-1.17265913056, -0.704339335104]"
Serbia,20.3981340447,-0.426866681007,-0.877485355469,1.37772619127,0.181564118157,0.0980501607964,14.805651641,-2.35105198836,-8.94935151907,"[17.4913858643, 23.304882225]","[-0.809933485871, -0.043799876144]","[-1.08435311213, -0.670617598811]"
Seychelles,18.1769169184,-0.570059771023,-0.797632200778,9.18640599367,1.02538107076,0.200182764896,1.97867554851,-0.555949185411,-3.98451985211,"[-1.1230059043, 37.4768397411]","[-2.72430546222, 1.58418592017]","[-1.21820058362, -0.377063817932]"
Sierra Leone,11.1495285745,0.899574716135,-0.616622065749,1.7836430667,0.327346275865,0.159359375337,6.25098641237,2.74808293987,-3.86938053971,"[7.40223354372, 14.8968236052]","[0.211845710379, 1.58730372189]","[-0.951423689713, -0.281820441785]"
Singapore,12.7044848374,0.56714025252,-0.225756956379,5.58173510561,0.562479222767,0.172505907857,2.27608164791,1.0082865812,-1.30869115837,"[0.977694531204, 24.4312751435]","[-0.614584743769, 1.74886524881]","[-0.588178420267, 0.136664507509]"
Slovakia,23.3090544486,-0.874383044845,-1.14620909046,2.34326491815,0.280609302757,0.171923324881,9.94725533083,-3.11601588491,-6.66697838266,"[18.3651976213, 28.252911276]","[-1.46641692309, -0.282349166602]","[-1.50893559948, -0.78348258143]"
Slovenia,12.8600920199,0.264930486174,-0.419565749874,3.87234170064,0.426179899909,0.231399300462,3.32101168081,0.621640030959,-1.81316775391,"[4.6901651772, 21.0300188626]","[-0.634230505614, 1.16409147796]","[-0.907775598688, 0.068644098939]"
Solomon Islands,17.9944358079,-0.753584404156,-0.727341572354,3.33613500346,0.474039743945,0.185210476946,5.39379725017,-1.58970722135,-3.92710814393,"[10.9854762499, 25.0033953658]","[-1.74950495016, 0.242336141847]","[-1.11645434545, -0.338228799255]"
Somalia,-4.64688557518,3.49590608615,-4.14811212261,11.6968832338,2.22516676221,1.17717809764,-0.397275537621,1.57107599553,-3.52377616517,"[-29.2211253631, 19.9273542128]","[-1.17899580779, 8.17080798009]","[-6.62127153322, -1.674952712]"
South Africa,23.9337911258,-0.738518883841,-0.824475098768,3.08268673503,0.383962109459,0.139188683929,7.76393879203,-1.92341604978,-5.92343483319,"[17.457306621, 30.4102756306]","[-1.54519334222, 0.0681555745391]","[-1.11689967259, -0.53205052495]"
Spain,19.9354138316,-0.101436993267,-0.431810310377,5.18805261584,0.543345345465,0.170031275933,3.84256199923,-0.186689725262,-2.53959342485,"[9.03571974508, 30.8351079182]","[-1.24296320502, 1.04008921848]","[-0.789032765515, -0.0745878552403]"
Sri Lanka,14.76728344,0.27675507598,-1.02729663698,1.79343092276,0.270630830986,0.111119920006,8.23409658697,1.02262951701,-9.24493679373,"[10.9994248868, 18.5351419933]","[-0.291819201608, 0.845329353567]","[-1.26075092603, -0.793842347928]"
Sudan,13.9574487125,0.214232437915,-0.992321542524,1.46181051376,0.241124549625,0.113356403693,9.54805604494,0.888472112228,-8.7539963354,"[10.8862987855, 17.0285986395]","[-0.292351442835, 0.720816318665]","[-1.23047450945, -0.754168575603]"
Suriname,16.2011923193,0.000324233160989,-0.613021074479,4.71756703039,0.630517957482,0.371986209624,3.43422620493,0.000514233031972,-1.64796720582,"[6.28995176884, 26.1124328698]","[-1.32434484048, 1.3249933068]","[-1.39453510094, 0.168492951986]"
Swaziland,9.87354522052,0.469449524948,-0.766615790783,2.99070049361,0.409997843527,0.131258964823,3.30141558529,1.14500486371,-5.84048329057,"[3.59031663774, 16.1567738033]","[-0.39192398097, 1.33082303087]","[-1.04238064296, -0.490850938608]"
Sweden,32.1597950771,-1.37232086207,-0.673869301042,5.1775400353,0.513114566663,0.147006060165,6.21140442331,-2.67449211391,-4.58395592865,"[21.2821871027, 43.0374030515]","[-2.45033456435, -0.294307159803]","[-0.982717572893, -0.365021029192]"
Switzerland,33.566621812,-1.40889666764,-0.59593814016,5.3863214607,0.515019505402,0.149790496912,6.23182668486,-2.73561807438,-3.97847762338,"[22.2503803394, 44.8828632846]","[-2.49091249769, -0.326880837582]","[-0.910636296542, -0.281239983779]"
Syria,13.0516797081,0.538274772565,-0.549676161008,2.79688715496,0.399129527364,0.152261114447,4.66650207356,1.3486217773,-3.61008891209,"[7.1756378402, 18.927721576]","[-0.300265248385, 1.37681479351]","[-0.869564892221, -0.229787429794]"
Tajikistan,9.51673263295,0.608401916489,-0.857546073406,2.03878857757,0.378509873486,0.200547955208,4.66783693889,1.60736075624,-4.27601504348,"[5.21526473209, 13.8182005338]","[-0.190184110955, 1.40698794393]","[-1.28066527341, -0.434426873406]"
Tanzania,16.9169139157,-0.299381316329,-1.10535639497,2.11967445673,0.394144236148,0.184287278707,7.98090190784,-0.759572990981,-5.99800703948,"[12.4636431315, 21.3701847]","[-1.12744762908, 0.528684996428]","[-1.49252960054, -0.7181831894]"
Thailand,19.1553090259,-0.0990871556001,-0.34418820302,1.8743649026,0.244209318455,0.0590313075202,10.2196263915,-0.405746825006,-5.83060442803,"[15.2174144906, 23.0932035612]","[-0.612151895174, 0.413977583974]","[-0.468208378053, -0.220168027986]"
Togo,7.50861592784,1.25719105459,-1.15922893359,2.07649393383,0.357373896326,0.108010287582,3.61600667621,3.51785921555,-10.732578901,"[3.14606405583, 11.8711677999]","[0.50637635919, 2.00800574999]","[-1.38615012734, -0.932307739834]"
Tonga,26.3592520471,-1.43142687754,-0.827640449763,2.56195006702,0.333293944302,0.096512381715,10.2887454312,-4.29478813525,-8.57548466897,"[20.9767946853, 31.7417094089]","[-2.131651471, -0.731202284076]","[-1.03040543966, -0.624875459861]"
Trinidad and Tobago,18.8911156395,-0.0872421019755,-0.543683289768,3.44819651198,0.414228738363,0.25188979051,5.47854960524,-0.21061334933,-2.1584173327,"[11.6467235884, 26.1355076906]","[-0.957504388104, 0.783020184153]","[-1.07288410236, -0.0144824771739]"
Tunisia,8.80752920216,0.842786020176,-1.20406798583,2.70256127386,0.352738551272,0.138379672868,3.25895634166,2.38926541241,-8.70119115673,"[3.12965865681, 14.4853997475]","[0.101709823366, 1.58386221699]","[-1.49479289048, -0.913343081178]"
Turkey,23.7144693694,-0.692493565345,-0.674782621656,4.00052278397,0.497878912991,0.22197329639,5.92784259708,-1.39088751758,-3.03992702109,"[15.3096828801, 32.1192558588]","[-1.73849834702, 0.35351121633]","[-1.14113121239, -0.208434030925]"
Turkmenistan,12.6733652644,0.00463519430592,-1.23984986476,1.80766435186,0.278203873889,0.212120132367,7.01090622902,0.0166611422088,-5.84503625812,"[8.85952685537, 16.4872036735]","[-0.582323672639, 0.591594061251]","[-1.6873842244, -0.792315505122]"
Turks and Caicos Islands,-6.90538262301,2.33771477608,0.207114827117,5.0098691237,0.526613057351,0.20791307395,-1.37835589164,4.43915080237,0.99616067033,"[-17.4307270837, 3.61996183769]","[1.23134179721, 3.44408775495]","[-0.2296943324, 0.643923986633]"
Tuvalu,7.26765873262,0.624268992444,-0.702997545713,7.75774429317,1.02242048014,0.617829803049,0.936826280677,0.610579506741,-1.13784984513,"[-9.03075723546, 23.5660747007]","[-1.52375672867, 2.77229471356]","[-2.00100979606, 0.59501470463]"
Uganda,11.1091878495,0.773336781617,-0.914752372881,1.89879456526,0.350238238332,0.112394579138,5.85065285777,2.20803069733,-8.13875882538,"[7.1199684975, 15.0984072016]","[0.0375135473691, 1.50916001586]","[-1.1508846214, -0.678620124367]"
Ukraine,22.1134147718,-0.686782844703,-0.931222705158,1.00555553631,0.147068863774,0.0819636117275,21.9912416304,-4.66980451933,-11.3614161886,"[19.9918780369, 24.2349515067]","[-0.997071024507, -0.376494664899]","[-1.10415081, -0.75829460032]"
United Arab Emirates,-1.46742182995,1.86131963027,-0.56140719673,6.00615937695,0.585713157708,0.133811263026,-0.24431949568,3.17786890354,-4.19551526556,"[-14.0858944422, 11.1510507823]","[0.630781947986, 3.09185731256]","[-0.842534228454, -0.280280165006]"
United Kingdom,2.18314817919,1.88764441008,0.174194421147,4.67134589542,0.4743047016,0.140762117578,0.467348860064,3.97981382793,1.23750924002,"[-7.63098537008, 11.9972817285]","[0.891167208698, 2.88412161146]","[-0.121535814104, 0.469924656398]"
Uruguay,18.7011127248,-0.204716691086,-0.56329050341,1.56729814887,0.181592257702,0.0661602591652,11.9320709581,-1.12734261733,-8.51403108932,"[15.4083415002, 21.9938839494]","[-0.58622786763, 0.176794485458]","[-0.702288050078, -0.424292956742]"
Uzbekistan,14.5363201267,0.0913340570519,-1.30489104203,1.22252197053,0.191805631263,0.0607057279392,11.8904367178,0.476180268798,-21.4953528493,"[11.957024229, 17.1156160244]","[-0.313340451703, 0.496008565807]","[-1.4329689325, -1.17681315156]"
Vanuatu,9.70081384264,0.469635546487,-0.17761384633,15.6055703829,2.06622691449,0.681048923095,0.621625073909,0.227291370175,-0.260794548389,"[-23.0852729252, 42.4869006105]","[-3.8713461183, 4.81061721127]","[-1.60844453934, 1.25321684668]"
Venezuela,21.5737924969,-0.36692555955,-0.483976241882,2.69070620308,0.34184941657,0.209441052109,8.01789228129,-1.0733543536,-2.31079932519,"[15.9208285311, 27.2267564628]","[-1.08512453327, 0.351273414166]","[-0.923995564389, -0.0439569193741]"
Vietnam,-1.18024309204,3.37747984562,1.07362798206,4.50636587726,0.774958305858,0.365288953986,-0.261905740499,4.35827298074,2.93911975805,"[-10.647766485, 8.28728030087]","[1.74935286057, 5.00560683066]","[0.306184367573, 1.84107159654]"
Yemen,15.414738558,0.235650977087,-0.532313781123,1.84945206432,0.306669957886,0.153596766546,8.33475971362,0.768418852344,-3.46565746853,"[11.5291839537, 19.3002931623]","[-0.408638696516, 0.879940650691]","[-0.85500861327, -0.209618948976]"
Zambia,17.0684983125,-0.351102083028,-1.08017149423,1.17279304893,0.20017355839,0.10534383071,14.5537171525,-1.7539883182,-10.2537707899,"[14.6045515474, 19.5324450777]","[-0.771651123724, 0.0694469576674]","[-1.30149066997, -0.858852318485]"
Zimbabwe,8.48280709979,1.11725978425,-1.21765489175,1.85139107107,0.288074944667,0.072326425472,4.58185589869,3.87836500513,-16.8355463969,"[4.59317879346, 12.3724354061]","[0.512036783759, 1.72248278474]","[-1.36960707312, -1.06570271039]"
